uci_row_number,id,split
1,T0001,train
2,T0002,train
3,T0003,train
4,T0004,train
5,T0005,train
6,T0006,train
7,T0007,train
8,T0008,train
9,T0009,train
10,T0010,train
11,T0011,train
12,T0012,train
13,T0013,train
14,T0014,train
15,T0015,train
16,T0016,train
17,T0017,train
18,T0018,train
19,T0019,train
20,T0020,train
21,H0001,heldout
22,T0021,train
23,T0022,train
24,T0023,train
25,H0002,heldout
26,T0024,train
27,H0003,heldout
28,T0025,train
29,T0026,train
30,T0027,train
31,T0028,train
32,T0029,train
33,T0030,train
34,T0031,train
35,H0004,heldout
36,T0032,train
37,T0033,train
38,T0034,train
39,H0005,heldout
40,T0035,train
41,T0036,train
42,T0037,train
43,T0038,train
44,H0006,heldout
45,H0007,heldout
46,T0039,train
47,T0040,train
48,H0008,heldout
49,T0041,train
50,T0042,train
51,T0043,train
52,T0044,train
53,T0045,train
54,T0046,train
55,T0047,train
56,T0048,train
57,T0049,train
58,H0009,heldout
59,T0050,train
60,T0051,train
61,T0052,train
62,T0053,train
63,T0054,train
64,T0055,train
65,T0056,train
66,T0057,train
67,H0010,heldout
68,T0058,train
69,T0059,train
70,T0060,train
71,T0061,train
72,T0062,train
73,T0063,train
74,T0064,train
75,H0011,heldout
76,H0012,heldout
77,T0065,train
78,T0066,train
79,T0067,train
80,T0068,train
81,T0069,train
82,T0070,train
83,T0071,train
84,T0072,train
85,T0073,train
86,T0074,train
87,T0075,train
88,T0076,train
89,T0077,train
90,T0078,train
91,T0079,train
92,T0080,train
93,H0013,heldout
94,H0014,heldout
95,T0081,train
96,H0015,heldout
97,T0082,train
98,T0083,train
99,T0084,train
100,T0085,train
101,T0086,train
102,T0087,train
103,T0088,train
104,T0089,train
105,H0016,heldout
106,T0090,train
107,H0017,heldout
108,T0091,train
109,T0092,train
110,T0093,train
111,T0094,train
112,T0095,train
113,T0096,train
114,T0097,train
115,T0098,train
116,H0018,heldout
117,T0099,train
118,T0100,train
119,T0101,train
120,T0102,train
121,T0103,train
122,T0104,train
123,T0105,train
124,H0019,heldout
125,T0106,train
126,T0107,train
127,T0108,train
128,T0109,train
129,T0110,train
130,T0111,train
131,H0020,heldout
132,T0112,train
133,T0113,train
134,T0114,train
135,T0115,train
136,T0116,train
137,H0021,heldout
138,T0117,train
139,T0118,train
140,T0119,train
141,T0120,train
142,T0121,train
143,H0022,heldout
144,T0122,train
145,T0123,train
146,T0124,train
147,H0023,heldout
148,T0125,train
149,T0126,train
150,T0127,train
151,H0024,heldout
152,T0128,train
153,T0129,train
154,T0130,train
155,T0131,train
156,T0132,train
157,H0025,heldout
158,T0133,train
159,T0134,train
160,T0135,train
161,T0136,train
162,T0137,train
163,T0138,train
164,T0139,train
165,T0140,train
166,T0141,train
167,T0142,train
168,T0143,train
169,T0144,train
170,H0026,heldout
171,T0145,train
172,T0146,train
173,T0147,train
174,T0148,train
175,T0149,train
176,T0150,train
177,T0151,train
178,T0152,train
179,T0153,train
180,T0154,train
181,T0155,train
182,T0156,train
183,T0157,train
184,T0158,train
185,H0027,heldout
186,T0159,train
187,T0160,train
188,H0028,heldout
189,T0161,train
190,H0029,heldout
191,T0162,train
192,H0030,heldout
193,T0163,train
194,T0164,train
195,T0165,train
196,T0166,train
197,H0031,heldout
198,T0167,train
199,T0168,train
200,T0169,train
201,T0170,train
202,T0171,train
203,T0172,train
204,T0173,train
205,T0174,train
206,T0175,train
207,H0032,heldout
208,T0176,train
209,T0177,train
210,T0178,train
211,T0179,train
212,T0180,train
213,T0181,train
214,T0182,train
215,H0033,heldout
216,H0034,heldout
217,T0183,train
218,T0184,train
219,T0185,train
220,T0186,train
221,T0187,train
222,H0035,heldout
223,H0036,heldout
224,T0188,train
225,T0189,train
226,T0190,train
227,T0191,train
228,T0192,train
229,H0037,heldout
230,T0193,train
231,T0194,train
232,T0195,train
233,T0196,train
234,T0197,train
235,H0038,heldout
236,H0039,heldout
237,T0198,train
238,T0199,train
239,T0200,train
240,H0040,heldout
241,T0201,train
242,T0202,train
243,T0203,train
244,H0041,heldout
245,T0204,train
246,H0042,heldout
247,T0205,train
248,T0206,train
249,T0207,train
250,T0208,train
251,T0209,train
252,T0210,train
253,T0211,train
254,T0212,train
255,T0213,train
256,T0214,train
257,T0215,train
258,T0216,train
259,T0217,train
260,T0218,train
261,T0219,train
262,T0220,train
263,T0221,train
264,T0222,train
265,T0223,train
266,T0224,train
267,H0043,heldout
268,T0225,train
269,T0226,train
270,T0227,train
271,H0044,heldout
272,T0228,train
273,T0229,train
274,T0230,train
275,T0231,train
276,T0232,train
277,T0233,train
278,T0234,train
279,H0045,heldout
280,T0235,train
281,T0236,train
282,T0237,train
283,H0046,heldout
284,H0047,heldout
285,T0238,train
286,T0239,train
287,T0240,train
288,T0241,train
289,T0242,train
290,H0048,heldout
291,T0243,train
292,T0244,train
293,T0245,train
294,T0246,train
295,T0247,train
296,T0248,train
297,T0249,train
298,T0250,train
299,T0251,train
300,H0049,heldout
301,H0050,heldout
302,T0252,train
303,H0051,heldout
304,T0253,train
305,T0254,train
306,T0255,train
307,T0256,train
308,H0052,heldout
309,H0053,heldout
310,T0257,train
311,T0258,train
312,T0259,train
313,T0260,train
314,H0054,heldout
315,T0261,train
316,T0262,train
317,T0263,train
318,T0264,train
319,T0265,train
320,T0266,train
321,T0267,train
322,T0268,train
323,T0269,train
324,T0270,train
325,H0055,heldout
326,H0056,heldout
327,T0271,train
328,T0272,train
329,T0273,train
330,T0274,train
331,T0275,train
332,H0057,heldout
333,T0276,train
334,T0277,train
335,T0278,train
336,T0279,train
337,T0280,train
338,T0281,train
339,T0282,train
340,T0283,train
341,H0058,heldout
342,T0284,train
343,T0285,train
344,T0286,train
345,T0287,train
346,T0288,train
347,T0289,train
348,T0290,train
349,H0059,heldout
350,T0291,train
351,H0060,heldout
352,H0061,heldout
353,T0292,train
354,T0293,train
355,H0062,heldout
356,T0294,train
357,T0295,train
358,T0296,train
359,T0297,train
360,H0063,heldout
361,H0064,heldout
362,T0298,train
363,T0299,train
364,T0300,train
365,T0301,train
366,T0302,train
367,T0303,train
368,T0304,train
369,T0305,train
370,T0306,train
371,T0307,train
372,T0308,train
373,T0309,train
374,T0310,train
375,T0311,train
376,H0065,heldout
377,H0066,heldout
378,T0312,train
379,H0067,heldout
380,T0313,train
381,T0314,train
382,T0315,train
383,T0316,train
384,H0068,heldout
385,H0069,heldout
386,T0317,train
387,T0318,train
388,H0070,heldout
389,T0319,train
390,H0071,heldout
391,H0072,heldout
392,T0320,train
393,T0321,train
394,T0322,train
395,T0323,train
396,T0324,train
397,T0325,train
398,T0326,train
399,H0073,heldout
400,T0327,train
401,T0328,train
402,T0329,train
403,T0330,train
404,T0331,train
405,T0332,train
406,T0333,train
407,T0334,train
408,T0335,train
409,T0336,train
410,T0337,train
411,T0338,train
412,H0074,heldout
413,H0075,heldout
414,T0339,train
415,T0340,train
416,T0341,train
417,T0342,train
418,T0343,train
419,T0344,train
420,T0345,train
421,T0346,train
422,T0347,train
423,T0348,train
424,T0349,train
425,T0350,train
426,H0076,heldout
427,T0351,train
428,T0352,train
429,T0353,train
430,T0354,train
431,T0355,train
432,H0077,heldout
433,H0078,heldout
434,T0356,train
435,T0357,train
436,T0358,train
437,T0359,train
438,T0360,train
439,T0361,train
440,T0362,train
441,T0363,train
442,T0364,train
443,T0365,train
444,T0366,train
445,T0367,train
446,H0079,heldout
447,T0368,train
448,H0080,heldout
449,T0369,train
450,H0081,heldout
451,T0370,train
452,T0371,train
453,T0372,train
454,T0373,train
455,H0082,heldout
456,T0374,train
457,T0375,train
458,T0376,train
459,T0377,train
460,T0378,train
461,T0379,train
462,T0380,train
463,T0381,train
464,T0382,train
465,H0083,heldout
466,T0383,train
467,T0384,train
468,T0385,train
469,T0386,train
470,H0084,heldout
471,T0387,train
472,T0388,train
473,T0389,train
474,T0390,train
475,T0391,train
476,H0085,heldout
477,T0392,train
478,H0086,heldout
479,H0087,heldout
480,H0088,heldout
481,T0393,train
482,H0089,heldout
483,T0394,train
484,T0395,train
485,H0090,heldout
486,T0396,train
487,T0397,train
488,T0398,train
489,H0091,heldout
490,T0399,train
491,H0092,heldout
492,T0400,train
493,T0401,train
494,T0402,train
495,T0403,train
496,T0404,train
497,T0405,train
498,T0406,train
499,T0407,train
500,T0408,train
501,T0409,train
502,T0410,train
503,H0093,heldout
504,T0411,train
505,T0412,train
506,T0413,train
507,H0094,heldout
508,H0095,heldout
509,H0096,heldout
510,T0414,train
511,T0415,train
512,H0097,heldout
513,T0416,train
514,T0417,train
515,T0418,train
516,T0419,train
517,T0420,train
518,T0421,train
519,T0422,train
520,T0423,train
521,T0424,train
522,T0425,train
523,T0426,train
524,T0427,train
525,T0428,train
526,T0429,train
527,T0430,train
528,T0431,train
529,T0432,train
530,T0433,train
531,T0434,train
532,T0435,train
533,T0436,train
534,T0437,train
535,T0438,train
536,T0439,train
537,H0098,heldout
538,T0440,train
539,T0441,train
540,T0442,train
541,H0099,heldout
542,T0443,train
543,H0100,heldout
544,T0444,train
545,T0445,train
546,T0446,train
547,T0447,train
548,H0101,heldout
549,T0448,train
550,T0449,train
551,H0102,heldout
552,T0450,train
553,T0451,train
554,T0452,train
555,T0453,train
556,T0454,train
557,T0455,train
558,T0456,train
559,H0103,heldout
560,T0457,train
561,T0458,train
562,T0459,train
563,T0460,train
564,T0461,train
565,T0462,train
566,T0463,train
567,T0464,train
568,T0465,train
569,H0104,heldout
570,T0466,train
571,T0467,train
572,H0105,heldout
573,T0468,train
574,T0469,train
575,T0470,train
576,H0106,heldout
577,T0471,train
578,H0107,heldout
579,T0472,train
580,T0473,train
581,H0108,heldout
582,T0474,train
583,T0475,train
584,T0476,train
585,T0477,train
586,T0478,train
587,T0479,train
588,T0480,train
589,T0481,train
590,T0482,train
591,T0483,train
592,H0109,heldout
593,T0484,train
594,H0110,heldout
595,T0485,train
596,T0486,train
597,T0487,train
598,T0488,train
599,T0489,train
600,H0111,heldout
601,T0490,train
602,T0491,train
603,T0492,train
604,T0493,train
605,H0112,heldout
606,T0494,train
607,T0495,train
608,T0496,train
609,T0497,train
610,T0498,train
611,T0499,train
612,T0500,train
613,T0501,train
614,T0502,train
615,H0113,heldout
616,T0503,train
617,T0504,train
618,T0505,train
619,T0506,train
620,T0507,train
621,T0508,train
622,T0509,train
623,T0510,train
624,T0511,train
625,H0114,heldout
626,H0115,heldout
627,H0116,heldout
628,T0512,train
629,T0513,train
630,T0514,train
631,T0515,train
632,T0516,train
633,T0517,train
634,T0518,train
635,T0519,train
636,T0520,train
637,T0521,train
638,T0522,train
639,T0523,train
640,T0524,train
641,H0117,heldout
642,T0525,train
643,H0118,heldout
644,H0119,heldout
645,T0526,train
646,T0527,train
647,T0528,train
648,T0529,train
649,T0530,train
650,H0120,heldout
651,T0531,train
652,T0532,train
653,T0533,train
654,T0534,train
655,H0121,heldout
656,T0535,train
657,T0536,train
658,T0537,train
659,T0538,train
660,T0539,train
661,T0540,train
662,T0541,train
663,T0542,train
664,T0543,train
665,H0122,heldout
666,H0123,heldout
667,H0124,heldout
668,T0544,train
669,T0545,train
670,T0546,train
671,T0547,train
672,T0548,train
673,T0549,train
674,T0550,train
675,H0125,heldout
676,T0551,train
677,T0552,train
678,H0126,heldout
679,H0127,heldout
680,T0553,train
681,T0554,train
682,H0128,heldout
683,T0555,train
684,H0129,heldout
685,T0556,train
686,H0130,heldout
687,H0131,heldout
688,H0132,heldout
689,H0133,heldout
690,T0557,train
691,T0558,train
692,T0559,train
693,T0560,train
694,T0561,train
695,T0562,train
696,T0563,train
697,T0564,train
698,T0565,train
699,H0134,heldout
700,T0566,train
701,T0567,train
702,T0568,train
703,T0569,train
704,T0570,train
705,H0135,heldout
706,T0571,train
707,T0572,train
708,H0136,heldout
709,T0573,train
710,T0574,train
711,H0137,heldout
712,T0575,train
713,T0576,train
714,T0577,train
715,T0578,train
716,T0579,train
717,T0580,train
718,T0581,train
719,T0582,train
720,T0583,train
721,T0584,train
722,H0138,heldout
723,T0585,train
724,H0139,heldout
725,T0586,train
726,T0587,train
727,H0140,heldout
728,T0588,train
729,T0589,train
730,T0590,train
731,T0591,train
732,T0592,train
733,T0593,train
734,T0594,train
735,T0595,train
736,H0141,heldout
737,T0596,train
738,T0597,train
739,T0598,train
740,T0599,train
741,T0600,train
742,T0601,train
743,T0602,train
744,T0603,train
745,T0604,train
746,H0142,heldout
747,T0605,train
748,T0606,train
749,T0607,train
750,T0608,train
751,T0609,train
752,H0143,heldout
753,T0610,train
754,T0611,train
755,H0144,heldout
756,T0612,train
757,T0613,train
758,T0614,train
759,T0615,train
760,T0616,train
761,H0145,heldout
762,H0146,heldout
763,T0617,train
764,T0618,train
765,T0619,train
766,T0620,train
767,T0621,train
768,T0622,train
769,T0623,train
770,H0147,heldout
771,T0624,train
772,T0625,train
773,T0626,train
774,T0627,train
775,H0148,heldout
776,T0628,train
777,T0629,train
778,T0630,train
779,T0631,train
780,T0632,train
781,T0633,train
782,T0634,train
783,H0149,heldout
784,T0635,train
785,T0636,train
786,H0150,heldout
787,T0637,train
788,T0638,train
789,H0151,heldout
790,T0639,train
791,H0152,heldout
792,T0640,train
793,T0641,train
794,T0642,train
795,T0643,train
796,T0644,train
797,T0645,train
798,H0153,heldout
799,T0646,train
800,H0154,heldout
801,T0647,train
802,T0648,train
803,T0649,train
804,T0650,train
805,T0651,train
806,T0652,train
807,T0653,train
808,T0654,train
809,T0655,train
810,T0656,train
811,T0657,train
812,H0155,heldout
813,H0156,heldout
814,T0658,train
815,T0659,train
816,T0660,train
817,T0661,train
818,T0662,train
819,T0663,train
820,T0664,train
821,T0665,train
822,T0666,train
823,H0157,heldout
824,T0667,train
825,T0668,train
826,T0669,train
827,T0670,train
828,T0671,train
829,H0158,heldout
830,T0672,train
831,T0673,train
832,H0159,heldout
833,T0674,train
834,H0160,heldout
835,T0675,train
836,T0676,train
837,T0677,train
838,T0678,train
839,T0679,train
840,T0680,train
841,H0161,heldout
842,T0681,train
843,H0162,heldout
844,T0682,train
845,T0683,train
846,T0684,train
847,H0163,heldout
848,T0685,train
849,T0686,train
850,T0687,train
851,T0688,train
852,T0689,train
853,T0690,train
854,H0164,heldout
855,T0691,train
856,T0692,train
857,H0165,heldout
858,T0693,train
859,T0694,train
860,T0695,train
861,T0696,train
862,T0697,train
863,T0698,train
864,T0699,train
865,H0166,heldout
866,T0700,train
867,H0167,heldout
868,T0701,train
869,H0168,heldout
870,T0702,train
871,T0703,train
872,T0704,train
873,T0705,train
874,T0706,train
875,T0707,train
876,T0708,train
877,H0169,heldout
878,T0709,train
879,H0170,heldout
880,T0710,train
881,T0711,train
882,T0712,train
883,T0713,train
884,T0714,train
885,T0715,train
886,T0716,train
887,T0717,train
888,T0718,train
889,T0719,train
890,T0720,train
891,T0721,train
892,T0722,train
893,T0723,train
894,T0724,train
895,T0725,train
896,T0726,train
897,T0727,train
898,T0728,train
899,T0729,train
900,T0730,train
901,H0171,heldout
902,T0731,train
903,T0732,train
904,T0733,train
905,H0172,heldout
906,T0734,train
907,T0735,train
908,T0736,train
909,T0737,train
910,T0738,train
911,T0739,train
912,H0173,heldout
913,T0740,train
914,T0741,train
915,T0742,train
916,T0743,train
917,T0744,train
918,H0174,heldout
919,T0745,train
920,T0746,train
921,H0175,heldout
922,T0747,train
923,T0748,train
924,T0749,train
925,H0176,heldout
926,T0750,train
927,T0751,train
928,T0752,train
929,T0753,train
930,T0754,train
931,T0755,train
932,T0756,train
933,T0757,train
934,T0758,train
935,H0177,heldout
936,H0178,heldout
937,H0179,heldout
938,T0759,train
939,H0180,heldout
940,T0760,train
941,T0761,train
942,T0762,train
943,T0763,train
944,H0181,heldout
945,T0764,train
946,T0765,train
947,T0766,train
948,T0767,train
949,T0768,train
950,T0769,train
951,T0770,train
952,T0771,train
953,T0772,train
954,T0773,train
955,H0182,heldout
956,T0774,train
957,T0775,train
958,H0183,heldout
959,H0184,heldout
960,T0776,train
961,T0777,train
962,T0778,train
963,T0779,train
964,T0780,train
965,H0185,heldout
966,T0781,train
967,T0782,train
968,H0186,heldout
969,T0783,train
970,T0784,train
971,H0187,heldout
972,T0785,train
973,T0786,train
974,T0787,train
975,T0788,train
976,T0789,train
977,T0790,train
978,T0791,train
979,H0188,heldout
980,T0792,train
981,T0793,train
982,H0189,heldout
983,T0794,train
984,T0795,train
985,T0796,train
986,H0190,heldout
987,T0797,train
988,H0191,heldout
989,T0798,train
990,T0799,train
991,T0800,train
992,T0801,train
993,T0802,train
994,T0803,train
995,T0804,train
996,T0805,train
997,T0806,train
998,T0807,train
999,H0192,heldout
1000,T0808,train
1001,T0809,train
1002,T0810,train
1003,T0811,train
1004,T0812,train
1005,H0193,heldout
1006,T0813,train
1007,T0814,train
1008,T0815,train
1009,T0816,train
1010,T0817,train
1011,T0818,train
1012,T0819,train
1013,T0820,train
1014,T0821,train
1015,H0194,heldout
1016,T0822,train
1017,H0195,heldout
1018,H0196,heldout
1019,T0823,train
1020,T0824,train
1021,T0825,train
1022,T0826,train
1023,T0827,train
1024,H0197,heldout
1025,H0198,heldout
1026,T0828,train
1027,T0829,train
1028,T0830,train
1029,H0199,heldout
1030,T0831,train
1031,T0832,train
1032,T0833,train
1033,H0200,heldout
1034,T0834,train
1035,T0835,train
1036,T0836,train
1037,T0837,train
1038,T0838,train
1039,T0839,train
1040,T0840,train
1041,T0841,train
1042,T0842,train
1043,H0201,heldout
1044,T0843,train
1045,T0844,train
1046,T0845,train
1047,T0846,train
1048,T0847,train
1049,T0848,train
1050,T0849,train
1051,T0850,train
1052,T0851,train
1053,T0852,train
1054,T0853,train
1055,T0854,train
1056,T0855,train
1057,T0856,train
1058,T0857,train
1059,H0202,heldout
1060,T0858,train
1061,T0859,train
1062,T0860,train
1063,T0861,train
1064,T0862,train
1065,T0863,train
1066,T0864,train
1067,H0203,heldout
1068,T0865,train
1069,H0204,heldout
1070,T0866,train
1071,T0867,train
1072,T0868,train
1073,T0869,train
1074,T0870,train
1075,T0871,train
1076,T0872,train
1077,T0873,train
1078,T0874,train
1079,T0875,train
1080,T0876,train
1081,T0877,train
1082,T0878,train
1083,H0205,heldout
1084,T0879,train
1085,T0880,train
1086,T0881,train
1087,T0882,train
1088,H0206,heldout
1089,T0883,train
1090,T0884,train
1091,H0207,heldout
1092,T0885,train
1093,T0886,train
1094,T0887,train
1095,T0888,train
1096,T0889,train
1097,T0890,train
1098,T0891,train
1099,T0892,train
1100,T0893,train
1101,H0208,heldout
1102,T0894,train
1103,H0209,heldout
1104,T0895,train
1105,T0896,train
1106,H0210,heldout
1107,T0897,train
1108,H0211,heldout
1109,T0898,train
1110,T0899,train
1111,T0900,train
1112,T0901,train
1113,T0902,train
1114,H0212,heldout
1115,T0903,train
1116,T0904,train
1117,T0905,train
1118,H0213,heldout
1119,T0906,train
1120,T0907,train
1121,H0214,heldout
1122,T0908,train
1123,H0215,heldout
1124,T0909,train
1125,H0216,heldout
1126,T0910,train
1127,T0911,train
1128,T0912,train
1129,T0913,train
1130,H0217,heldout
1131,T0914,train
1132,H0218,heldout
1133,T0915,train
1134,H0219,heldout
1135,T0916,train
1136,T0917,train
1137,T0918,train
1138,T0919,train
1139,T0920,train
1140,T0921,train
1141,T0922,train
1142,T0923,train
1143,T0924,train
1144,T0925,train
1145,T0926,train
1146,T0927,train
1147,T0928,train
1148,T0929,train
1149,T0930,train
1150,T0931,train
1151,H0220,heldout
1152,T0932,train
1153,T0933,train
1154,T0934,train
1155,T0935,train
1156,T0936,train
1157,T0937,train
1158,T0938,train
1159,T0939,train
1160,H0221,heldout
1161,H0222,heldout
1162,T0940,train
1163,T0941,train
1164,T0942,train
1165,H0223,heldout
1166,T0943,train
1167,T0944,train
1168,H0224,heldout
1169,T0945,train
1170,H0225,heldout
1171,T0946,train
1172,T0947,train
1173,T0948,train
1174,T0949,train
1175,H0226,heldout
1176,T0950,train
1177,T0951,train
1178,T0952,train
1179,T0953,train
1180,T0954,train
1181,H0227,heldout
1182,T0955,train
1183,T0956,train
1184,T0957,train
1185,T0958,train
1186,T0959,train
1187,T0960,train
1188,T0961,train
1189,H0228,heldout
1190,T0962,train
1191,T0963,train
1192,T0964,train
1193,H0229,heldout
1194,T0965,train
1195,T0966,train
1196,H0230,heldout
1197,H0231,heldout
1198,T0967,train
1199,T0968,train
1200,T0969,train
1201,T0970,train
1202,H0232,heldout
1203,T0971,train
1204,T0972,train
1205,T0973,train
1206,T0974,train
1207,T0975,train
1208,T0976,train
1209,T0977,train
1210,T0978,train
1211,T0979,train
1212,T0980,train
1213,T0981,train
1214,T0982,train
1215,T0983,train
1216,T0984,train
1217,T0985,train
1218,T0986,train
1219,T0987,train
1220,T0988,train
1221,T0989,train
1222,T0990,train
1223,T0991,train
1224,T0992,train
1225,T0993,train
1226,T0994,train
1227,T0995,train
1228,T0996,train
1229,H0233,heldout
1230,H0234,heldout
1231,H0235,heldout
1232,T0997,train
1233,T0998,train
1234,T0999,train
1235,H0236,heldout
1236,H0237,heldout
1237,T1000,train
1238,H0238,heldout
1239,T1001,train
1240,T1002,train
1241,H0239,heldout
1242,T1003,train
1243,H0240,heldout
1244,T1004,train
1245,T1005,train
1246,T1006,train
1247,T1007,train
1248,T1008,train
1249,T1009,train
1250,T1010,train
1251,T1011,train
1252,T1012,train
1253,T1013,train
1254,T1014,train
1255,T1015,train
1256,T1016,train
1257,H0241,heldout
1258,T1017,train
1259,T1018,train
1260,T1019,train
1261,T1020,train
1262,T1021,train
1263,T1022,train
1264,T1023,train
1265,T1024,train
1266,T1025,train
1267,T1026,train
1268,T1027,train
1269,T1028,train
1270,T1029,train
1271,T1030,train
1272,H0242,heldout
1273,T1031,train
1274,T1032,train
1275,H0243,heldout
1276,T1033,train
1277,T1034,train
1278,H0244,heldout
1279,T1035,train
1280,H0245,heldout
1281,T1036,train
1282,T1037,train
1283,H0246,heldout
1284,T1038,train
1285,T1039,train
1286,H0247,heldout
1287,T1040,train
1288,T1041,train
1289,H0248,heldout
1290,T1042,train
1291,T1043,train
1292,T1044,train
1293,T1045,train
1294,T1046,train
1295,T1047,train
1296,T1048,train
1297,T1049,train
1298,T1050,train
1299,H0249,heldout
1300,T1051,train
1301,T1052,train
1302,H0250,heldout
1303,H0251,heldout
1304,T1053,train
1305,H0252,heldout
1306,T1054,train
1307,H0253,heldout
1308,T1055,train
1309,T1056,train
1310,T1057,train
1311,T1058,train
1312,T1059,train
1313,T1060,train
1314,H0254,heldout
1315,T1061,train
1316,T1062,train
1317,T1063,train
1318,H0255,heldout
1319,T1064,train
1320,T1065,train
1321,T1066,train
1322,T1067,train
1323,T1068,train
1324,T1069,train
1325,H0256,heldout
1326,T1070,train
1327,T1071,train
1328,T1072,train
1329,T1073,train
1330,H0257,heldout
1331,T1074,train
1332,T1075,train
1333,T1076,train
1334,T1077,train
1335,T1078,train
1336,H0258,heldout
1337,T1079,train
1338,T1080,train
1339,H0259,heldout
1340,T1081,train
1341,T1082,train
1342,T1083,train
1343,H0260,heldout
1344,T1084,train
1345,T1085,train
1346,H0261,heldout
1347,H0262,heldout
1348,T1086,train
1349,T1087,train
1350,T1088,train
1351,T1089,train
1352,H0263,heldout
1353,H0264,heldout
1354,T1090,train
1355,T1091,train
1356,T1092,train
1357,T1093,train
1358,T1094,train
1359,T1095,train
1360,T1096,train
1361,T1097,train
1362,H0265,heldout
1363,T1098,train
1364,T1099,train
1365,T1100,train
1366,T1101,train
1367,H0266,heldout
1368,H0267,heldout
1369,T1102,train
1370,T1103,train
1371,T1104,train
1372,T1105,train
1373,T1106,train
1374,T1107,train
1375,T1108,train
1376,T1109,train
1377,T1110,train
1378,T1111,train
1379,H0268,heldout
1380,H0269,heldout
1381,T1112,train
1382,T1113,train
1383,T1114,train
1384,T1115,train
1385,T1116,train
1386,H0270,heldout
1387,T1117,train
1388,T1118,train
1389,T1119,train
1390,T1120,train
1391,H0271,heldout
1392,T1121,train
1393,H0272,heldout
1394,H0273,heldout
1395,T1122,train
1396,H0274,heldout
1397,T1123,train
1398,T1124,train
1399,H0275,heldout
1400,T1125,train
1401,T1126,train
1402,H0276,heldout
1403,T1127,train
1404,T1128,train
1405,T1129,train
1406,T1130,train
1407,H0277,heldout
1408,T1131,train
1409,T1132,train
1410,H0278,heldout
1411,T1133,train
1412,T1134,train
1413,T1135,train
1414,T1136,train
1415,T1137,train
1416,T1138,train
1417,T1139,train
1418,H0279,heldout
1419,T1140,train
1420,T1141,train
1421,H0280,heldout
1422,T1142,train
1423,T1143,train
1424,T1144,train
1425,H0281,heldout
1426,T1145,train
1427,H0282,heldout
1428,T1146,train
1429,T1147,train
1430,T1148,train
1431,T1149,train
1432,H0283,heldout
1433,T1150,train
1434,T1151,train
1435,T1152,train
1436,T1153,train
1437,T1154,train
1438,T1155,train
1439,T1156,train
1440,T1157,train
1441,T1158,train
1442,H0284,heldout
1443,T1159,train
1444,T1160,train
1445,T1161,train
1446,T1162,train
1447,H0285,heldout
1448,T1163,train
1449,H0286,heldout
1450,T1164,train
1451,T1165,train
1452,T1166,train
1453,T1167,train
1454,T1168,train
1455,T1169,train
1456,T1170,train
1457,T1171,train
1458,T1172,train
1459,H0287,heldout
1460,T1173,train
1461,T1174,train
1462,T1175,train
1463,T1176,train
1464,H0288,heldout
1465,T1177,train
1466,T1178,train
1467,H0289,heldout
1468,T1179,train
1469,H0290,heldout
1470,T1180,train
1471,T1181,train
1472,H0291,heldout
1473,T1182,train
1474,T1183,train
1475,T1184,train
1476,T1185,train
1477,T1186,train
1478,T1187,train
1479,T1188,train
1480,T1189,train
1481,H0292,heldout
1482,T1190,train
1483,T1191,train
1484,T1192,train
1485,T1193,train
1486,T1194,train
1487,T1195,train
1488,H0293,heldout
1489,T1196,train
1490,T1197,train
1491,H0294,heldout
1492,T1198,train
1493,T1199,train
1494,T1200,train
1495,T1201,train
1496,T1202,train
1497,T1203,train
1498,T1204,train
1499,T1205,train
1500,T1206,train
1501,T1207,train
1502,T1208,train
1503,T1209,train
1504,T1210,train
1505,T1211,train
1506,H0295,heldout
1507,T1212,train
1508,T1213,train
1509,T1214,train
1510,T1215,train
1511,T1216,train
1512,T1217,train
1513,T1218,train
1514,T1219,train
1515,T1220,train
1516,T1221,train
1517,T1222,train
1518,T1223,train
1519,T1224,train
1520,T1225,train
1521,T1226,train
1522,H0296,heldout
1523,T1227,train
1524,T1228,train
1525,T1229,train
1526,T1230,train
1527,T1231,train
1528,T1232,train
1529,T1233,train
1530,T1234,train
1531,H0297,heldout
1532,H0298,heldout
1533,T1235,train
1534,T1236,train
1535,H0299,heldout
1536,T1237,train
1537,T1238,train
1538,T1239,train
1539,T1240,train
1540,T1241,train
1541,T1242,train
1542,T1243,train
1543,T1244,train
1544,T1245,train
1545,T1246,train
1546,T1247,train
1547,T1248,train
1548,T1249,train
1549,T1250,train
1550,T1251,train
1551,T1252,train
1552,T1253,train
1553,T1254,train
1554,T1255,train
1555,T1256,train
1556,T1257,train
1557,T1258,train
1558,H0300,heldout
1559,T1259,train
1560,H0301,heldout
1561,T1260,train
1562,T1261,train
1563,H0302,heldout
1564,H0303,heldout
1565,H0304,heldout
1566,H0305,heldout
1567,T1262,train
1568,T1263,train
1569,T1264,train
1570,T1265,train
1571,T1266,train
1572,T1267,train
1573,T1268,train
1574,T1269,train
1575,T1270,train
1576,H0306,heldout
1577,H0307,heldout
1578,H0308,heldout
1579,T1271,train
1580,T1272,train
1581,H0309,heldout
1582,T1273,train
1583,T1274,train
1584,T1275,train
1585,T1276,train
1586,T1277,train
1587,T1278,train
1588,H0310,heldout
1589,T1279,train
1590,T1280,train
1591,T1281,train
1592,T1282,train
1593,T1283,train
1594,T1284,train
1595,T1285,train
1596,T1286,train
1597,T1287,train
1598,T1288,train
1599,H0311,heldout
1600,T1289,train
1601,T1290,train
1602,T1291,train
1603,H0312,heldout
1604,T1292,train
1605,H0313,heldout
1606,T1293,train
1607,T1294,train
1608,H0314,heldout
1609,T1295,train
1610,T1296,train
1611,T1297,train
1612,T1298,train
1613,T1299,train
1614,H0315,heldout
1615,T1300,train
1616,T1301,train
1617,T1302,train
1618,T1303,train
1619,T1304,train
1620,T1305,train
1621,T1306,train
1622,T1307,train
1623,T1308,train
1624,H0316,heldout
1625,T1309,train
1626,T1310,train
1627,T1311,train
1628,T1312,train
1629,T1313,train
1630,H0317,heldout
1631,T1314,train
1632,T1315,train
1633,T1316,train
1634,T1317,train
1635,T1318,train
1636,T1319,train
1637,T1320,train
1638,T1321,train
1639,T1322,train
1640,T1323,train
1641,H0318,heldout
1642,T1324,train
1643,T1325,train
1644,T1326,train
1645,T1327,train
1646,H0319,heldout
1647,T1328,train
1648,H0320,heldout
1649,H0321,heldout
1650,T1329,train
1651,H0322,heldout
1652,T1330,train
1653,T1331,train
1654,T1332,train
1655,T1333,train
1656,T1334,train
1657,T1335,train
1658,H0323,heldout
1659,T1336,train
1660,T1337,train
1661,H0324,heldout
1662,H0325,heldout
1663,H0326,heldout
1664,T1338,train
1665,T1339,train
1666,H0327,heldout
1667,T1340,train
1668,T1341,train
1669,T1342,train
1670,H0328,heldout
1671,T1343,train
1672,T1344,train
1673,T1345,train
1674,H0329,heldout
1675,H0330,heldout
1676,T1346,train
1677,T1347,train
1678,T1348,train
1679,H0331,heldout
1680,T1349,train
1681,H0332,heldout
1682,T1350,train
1683,T1351,train
1684,H0333,heldout
1685,T1352,train
1686,T1353,train
1687,T1354,train
1688,T1355,train
1689,T1356,train
1690,H0334,heldout
1691,H0335,heldout
1692,T1357,train
1693,T1358,train
1694,H0336,heldout
1695,T1359,train
1696,H0337,heldout
1697,T1360,train
1698,T1361,train
1699,T1362,train
1700,T1363,train
1701,T1364,train
1702,T1365,train
1703,T1366,train
1704,T1367,train
1705,T1368,train
1706,T1369,train
1707,T1370,train
1708,T1371,train
1709,T1372,train
1710,H0338,heldout
1711,T1373,train
1712,T1374,train
1713,H0339,heldout
1714,T1375,train
1715,T1376,train
1716,H0340,heldout
1717,H0341,heldout
1718,T1377,train
1719,H0342,heldout
1720,T1378,train
1721,H0343,heldout
1722,T1379,train
1723,T1380,train
1724,T1381,train
1725,T1382,train
1726,T1383,train
1727,T1384,train
1728,T1385,train
1729,T1386,train
1730,H0344,heldout
1731,T1387,train
1732,T1388,train
1733,T1389,train
1734,T1390,train
1735,T1391,train
1736,H0345,heldout
1737,T1392,train
1738,H0346,heldout
1739,H0347,heldout
1740,H0348,heldout
1741,T1393,train
1742,T1394,train
1743,T1395,train
1744,T1396,train
1745,T1397,train
1746,T1398,train
1747,T1399,train
1748,T1400,train
1749,T1401,train
1750,T1402,train
1751,T1403,train
1752,T1404,train
1753,H0349,heldout
1754,T1405,train
1755,T1406,train
1756,T1407,train
1757,T1408,train
1758,H0350,heldout
1759,T1409,train
1760,T1410,train
1761,T1411,train
1762,H0351,heldout
1763,T1412,train
1764,T1413,train
1765,T1414,train
1766,T1415,train
1767,T1416,train
1768,T1417,train
1769,T1418,train
1770,T1419,train
1771,T1420,train
1772,T1421,train
1773,T1422,train
1774,T1423,train
1775,T1424,train
1776,H0352,heldout
1777,T1425,train
1778,T1426,train
1779,T1427,train
1780,T1428,train
1781,T1429,train
1782,T1430,train
1783,T1431,train
1784,T1432,train
1785,T1433,train
1786,T1434,train
1787,T1435,train
1788,T1436,train
1789,H0353,heldout
1790,T1437,train
1791,T1438,train
1792,T1439,train
1793,T1440,train
1794,T1441,train
1795,H0354,heldout
1796,T1442,train
1797,T1443,train
1798,T1444,train
1799,T1445,train
1800,T1446,train
1801,T1447,train
1802,H0355,heldout
1803,T1448,train
1804,T1449,train
1805,T1450,train
1806,T1451,train
1807,T1452,train
1808,T1453,train
1809,T1454,train
1810,T1455,train
1811,H0356,heldout
1812,T1456,train
1813,T1457,train
1814,T1458,train
1815,T1459,train
1816,T1460,train
1817,T1461,train
1818,T1462,train
1819,T1463,train
1820,T1464,train
1821,T1465,train
1822,H0357,heldout
1823,T1466,train
1824,H0358,heldout
1825,T1467,train
1826,H0359,heldout
1827,T1468,train
1828,T1469,train
1829,T1470,train
1830,H0360,heldout
1831,T1471,train
1832,T1472,train
1833,T1473,train
1834,T1474,train
1835,H0361,heldout
1836,H0362,heldout
1837,T1475,train
1838,T1476,train
1839,T1477,train
1840,T1478,train
1841,T1479,train
1842,T1480,train
1843,T1481,train
1844,T1482,train
1845,T1483,train
1846,T1484,train
1847,H0363,heldout
1848,T1485,train
1849,T1486,train
1850,T1487,train
1851,T1488,train
1852,H0364,heldout
1853,T1489,train
1854,H0365,heldout
1855,T1490,train
1856,T1491,train
1857,T1492,train
1858,T1493,train
1859,T1494,train
1860,H0366,heldout
1861,T1495,train
1862,H0367,heldout
1863,T1496,train
1864,T1497,train
1865,T1498,train
1866,H0368,heldout
1867,T1499,train
1868,H0369,heldout
1869,T1500,train
1870,T1501,train
1871,H0370,heldout
1872,T1502,train
1873,T1503,train
1874,T1504,train
1875,H0371,heldout
1876,T1505,train
1877,T1506,train
1878,T1507,train
1879,H0372,heldout
1880,T1508,train
1881,H0373,heldout
1882,H0374,heldout
1883,T1509,train
1884,T1510,train
1885,H0375,heldout
1886,T1511,train
1887,T1512,train
1888,T1513,train
1889,T1514,train
1890,H0376,heldout
1891,T1515,train
1892,T1516,train
1893,T1517,train
1894,T1518,train
1895,T1519,train
1896,H0377,heldout
1897,T1520,train
1898,T1521,train
1899,T1522,train
1900,T1523,train
1901,T1524,train
1902,T1525,train
1903,T1526,train
1904,T1527,train
1905,H0378,heldout
1906,T1528,train
1907,T1529,train
1908,T1530,train
1909,T1531,train
1910,H0379,heldout
1911,T1532,train
1912,T1533,train
1913,H0380,heldout
1914,T1534,train
1915,T1535,train
1916,T1536,train
1917,T1537,train
1918,H0381,heldout
1919,T1538,train
1920,T1539,train
1921,T1540,train
1922,T1541,train
1923,T1542,train
1924,T1543,train
1925,T1544,train
1926,T1545,train
1927,T1546,train
1928,T1547,train
1929,H0382,heldout
1930,T1548,train
1931,T1549,train
1932,T1550,train
1933,H0383,heldout
1934,T1551,train
1935,T1552,train
1936,T1553,train
1937,T1554,train
1938,H0384,heldout
1939,T1555,train
1940,T1556,train
1941,T1557,train
1942,H0385,heldout
1943,T1558,train
1944,T1559,train
1945,T1560,train
1946,T1561,train
1947,T1562,train
1948,T1563,train
1949,H0386,heldout
1950,H0387,heldout
1951,H0388,heldout
1952,T1564,train
1953,H0389,heldout
1954,T1565,train
1955,H0390,heldout
1956,T1566,train
1957,T1567,train
1958,T1568,train
1959,H0391,heldout
1960,T1569,train
1961,T1570,train
1962,T1571,train
1963,T1572,train
1964,T1573,train
1965,T1574,train
1966,T1575,train
1967,H0392,heldout
1968,T1576,train
1969,T1577,train
1970,H0393,heldout
1971,T1578,train
1972,T1579,train
1973,T1580,train
1974,H0394,heldout
1975,H0395,heldout
1976,T1581,train
1977,T1582,train
1978,T1583,train
1979,T1584,train
1980,T1585,train
1981,H0396,heldout
1982,T1586,train
1983,H0397,heldout
1984,T1587,train
1985,T1588,train
1986,T1589,train
1987,H0398,heldout
1988,H0399,heldout
1989,T1590,train
1990,T1591,train
1991,T1592,train
1992,T1593,train
1993,T1594,train
1994,T1595,train
1995,T1596,train
1996,T1597,train
1997,T1598,train
1998,T1599,train
1999,H0400,heldout
2000,T1600,train
2001,T1601,train
2002,T1602,train
2003,T1603,train
2004,T1604,train
2005,T1605,train
2006,T1606,train
2007,T1607,train
2008,T1608,train
2009,T1609,train
2010,T1610,train
2011,H0401,heldout
2012,T1611,train
2013,H0402,heldout
2014,T1612,train
2015,H0403,heldout
2016,T1613,train
2017,T1614,train
2018,T1615,train
2019,T1616,train
2020,T1617,train
2021,H0404,heldout
2022,T1618,train
2023,T1619,train
2024,T1620,train
2025,T1621,train
2026,T1622,train
2027,T1623,train
2028,T1624,train
2029,T1625,train
2030,H0405,heldout
2031,T1626,train
2032,T1627,train
2033,T1628,train
2034,T1629,train
2035,T1630,train
2036,T1631,train
2037,T1632,train
2038,H0406,heldout
2039,T1633,train
2040,T1634,train
2041,T1635,train
2042,T1636,train
2043,T1637,train
2044,H0407,heldout
2045,H0408,heldout
2046,T1638,train
2047,T1639,train
2048,T1640,train
2049,T1641,train
2050,T1642,train
2051,T1643,train
2052,H0409,heldout
2053,T1644,train
2054,H0410,heldout
2055,T1645,train
2056,H0411,heldout
2057,T1646,train
2058,T1647,train
2059,T1648,train
2060,T1649,train
2061,T1650,train
2062,T1651,train
2063,T1652,train
2064,T1653,train
2065,T1654,train
2066,T1655,train
2067,T1656,train
2068,T1657,train
2069,T1658,train
2070,T1659,train
2071,H0412,heldout
2072,T1660,train
2073,T1661,train
2074,T1662,train
2075,T1663,train
2076,T1664,train
2077,T1665,train
2078,T1666,train
2079,H0413,heldout
2080,T1667,train
2081,T1668,train
2082,T1669,train
2083,T1670,train
2084,H0414,heldout
2085,T1671,train
2086,H0415,heldout
2087,T1672,train
2088,T1673,train
2089,T1674,train
2090,T1675,train
2091,T1676,train
2092,T1677,train
2093,T1678,train
2094,T1679,train
2095,T1680,train
2096,T1681,train
2097,T1682,train
2098,H0416,heldout
2099,T1683,train
2100,T1684,train
2101,T1685,train
2102,T1686,train
2103,T1687,train
2104,T1688,train
2105,H0417,heldout
2106,T1689,train
2107,T1690,train
2108,T1691,train
2109,T1692,train
2110,T1693,train
2111,T1694,train
2112,H0418,heldout
2113,H0419,heldout
2114,T1695,train
2115,T1696,train
2116,T1697,train
2117,H0420,heldout
2118,H0421,heldout
2119,T1698,train
2120,H0422,heldout
2121,T1699,train
2122,T1700,train
2123,T1701,train
2124,T1702,train
2125,T1703,train
2126,T1704,train
2127,T1705,train
2128,T1706,train
2129,H0423,heldout
2130,T1707,train
2131,H0424,heldout
2132,T1708,train
2133,T1709,train
2134,H0425,heldout
2135,T1710,train
2136,H0426,heldout
2137,H0427,heldout
2138,T1711,train
2139,T1712,train
2140,T1713,train
2141,H0428,heldout
2142,H0429,heldout
2143,T1714,train
2144,T1715,train
2145,T1716,train
2146,T1717,train
2147,T1718,train
2148,T1719,train
2149,T1720,train
2150,T1721,train
2151,H0430,heldout
2152,T1722,train
2153,T1723,train
2154,H0431,heldout
2155,T1724,train
2156,T1725,train
2157,T1726,train
2158,T1727,train
2159,T1728,train
2160,H0432,heldout
2161,T1729,train
2162,H0433,heldout
2163,T1730,train
2164,T1731,train
2165,T1732,train
2166,T1733,train
2167,T1734,train
2168,T1735,train
2169,H0434,heldout
2170,T1736,train
2171,H0435,heldout
2172,H0436,heldout
2173,T1737,train
2174,T1738,train
2175,T1739,train
2176,T1740,train
2177,T1741,train
2178,T1742,train
2179,T1743,train
2180,T1744,train
2181,T1745,train
2182,T1746,train
2183,T1747,train
2184,T1748,train
2185,T1749,train
2186,T1750,train
2187,T1751,train
2188,T1752,train
2189,T1753,train
2190,T1754,train
2191,T1755,train
2192,T1756,train
2193,T1757,train
2194,H0437,heldout
2195,T1758,train
2196,T1759,train
2197,T1760,train
2198,H0438,heldout
2199,T1761,train
2200,T1762,train
2201,T1763,train
2202,T1764,train
2203,H0439,heldout
2204,T1765,train
2205,T1766,train
2206,T1767,train
2207,T1768,train
2208,T1769,train
2209,T1770,train
2210,H0440,heldout
2211,H0441,heldout
2212,T1771,train
2213,T1772,train
2214,H0442,heldout
2215,H0443,heldout
2216,T1773,train
2217,T1774,train
2218,H0444,heldout
2219,T1775,train
2220,T1776,train
2221,H0445,heldout
2222,T1777,train
2223,T1778,train
2224,T1779,train
2225,T1780,train
2226,T1781,train
2227,T1782,train
2228,T1783,train
2229,H0446,heldout
2230,H0447,heldout
2231,T1784,train
2232,H0448,heldout
2233,T1785,train
2234,T1786,train
2235,T1787,train
2236,T1788,train
2237,H0449,heldout
2238,T1789,train
2239,T1790,train
2240,T1791,train
2241,T1792,train
2242,T1793,train
2243,T1794,train
2244,H0450,heldout
2245,T1795,train
2246,T1796,train
2247,T1797,train
2248,T1798,train
2249,T1799,train
2250,T1800,train
2251,H0451,heldout
2252,T1801,train
2253,H0452,heldout
2254,T1802,train
2255,T1803,train
2256,T1804,train
2257,H0453,heldout
2258,T1805,train
2259,H0454,heldout
2260,H0455,heldout
2261,T1806,train
2262,T1807,train
2263,H0456,heldout
2264,T1808,train
2265,H0457,heldout
2266,H0458,heldout
2267,H0459,heldout
2268,T1809,train
2269,T1810,train
2270,T1811,train
2271,T1812,train
2272,T1813,train
2273,T1814,train
2274,T1815,train
2275,T1816,train
2276,T1817,train
2277,T1818,train
2278,H0460,heldout
2279,T1819,train
2280,T1820,train
2281,T1821,train
2282,T1822,train
2283,T1823,train
2284,T1824,train
2285,T1825,train
2286,T1826,train
2287,T1827,train
2288,T1828,train
2289,T1829,train
2290,H0461,heldout
2291,T1830,train
2292,T1831,train
2293,T1832,train
2294,T1833,train
2295,H0462,heldout
2296,T1834,train
2297,T1835,train
2298,T1836,train
2299,T1837,train
2300,H0463,heldout
2301,T1838,train
2302,T1839,train
2303,T1840,train
2304,T1841,train
2305,T1842,train
2306,T1843,train
2307,T1844,train
2308,T1845,train
2309,T1846,train
2310,T1847,train
2311,H0464,heldout
2312,T1848,train
2313,T1849,train
2314,T1850,train
2315,T1851,train
2316,T1852,train
2317,T1853,train
2318,T1854,train
2319,T1855,train
2320,T1856,train
2321,H0465,heldout
2322,T1857,train
2323,T1858,train
2324,T1859,train
2325,H0466,heldout
2326,T1860,train
2327,T1861,train
2328,T1862,train
2329,H0467,heldout
2330,T1863,train
2331,T1864,train
2332,T1865,train
2333,T1866,train
2334,T1867,train
2335,T1868,train
2336,T1869,train
2337,T1870,train
2338,T1871,train
2339,H0468,heldout
2340,T1872,train
2341,T1873,train
2342,T1874,train
2343,T1875,train
2344,H0469,heldout
2345,T1876,train
2346,T1877,train
2347,T1878,train
2348,T1879,train
2349,T1880,train
2350,T1881,train
2351,T1882,train
2352,T1883,train
2353,T1884,train
2354,T1885,train
2355,H0470,heldout
2356,T1886,train
2357,T1887,train
2358,T1888,train
2359,T1889,train
2360,T1890,train
2361,T1891,train
2362,H0471,heldout
2363,T1892,train
2364,T1893,train
2365,T1894,train
2366,T1895,train
2367,H0472,heldout
2368,H0473,heldout
2369,T1896,train
2370,T1897,train
2371,T1898,train
2372,T1899,train
2373,T1900,train
2374,T1901,train
2375,T1902,train
2376,T1903,train
2377,T1904,train
2378,H0474,heldout
2379,T1905,train
2380,H0475,heldout
2381,T1906,train
2382,T1907,train
2383,T1908,train
2384,T1909,train
2385,T1910,train
2386,T1911,train
2387,H0476,heldout
2388,H0477,heldout
2389,T1912,train
2390,T1913,train
2391,T1914,train
2392,T1915,train
2393,T1916,train
2394,T1917,train
2395,T1918,train
2396,T1919,train
2397,T1920,train
2398,T1921,train
2399,T1922,train
2400,T1923,train
2401,T1924,train
2402,T1925,train
2403,T1926,train
2404,T1927,train
2405,T1928,train
2406,T1929,train
2407,T1930,train
2408,T1931,train
2409,T1932,train
2410,T1933,train
2411,T1934,train
2412,H0478,heldout
2413,T1935,train
2414,T1936,train
2415,T1937,train
2416,T1938,train
2417,T1939,train
2418,T1940,train
2419,T1941,train
2420,T1942,train
2421,T1943,train
2422,T1944,train
2423,T1945,train
2424,T1946,train
2425,H0479,heldout
2426,H0480,heldout
2427,T1947,train
2428,T1948,train
2429,T1949,train
2430,T1950,train
2431,T1951,train
2432,T1952,train
2433,T1953,train
2434,T1954,train
2435,T1955,train
2436,T1956,train
2437,H0481,heldout
2438,T1957,train
2439,T1958,train
2440,T1959,train
2441,T1960,train
2442,T1961,train
2443,T1962,train
2444,T1963,train
2445,H0482,heldout
2446,T1964,train
2447,H0483,heldout
2448,T1965,train
2449,T1966,train
2450,T1967,train
2451,T1968,train
2452,H0484,heldout
2453,T1969,train
2454,T1970,train
2455,T1971,train
2456,T1972,train
2457,T1973,train
2458,T1974,train
2459,T1975,train
2460,T1976,train
2461,T1977,train
2462,T1978,train
2463,T1979,train
2464,T1980,train
2465,T1981,train
2466,T1982,train
2467,H0485,heldout
2468,T1983,train
2469,T1984,train
2470,T1985,train
2471,T1986,train
2472,T1987,train
2473,H0486,heldout
2474,T1988,train
2475,T1989,train
2476,T1990,train
2477,T1991,train
2478,T1992,train
2479,T1993,train
2480,T1994,train
2481,T1995,train
2482,T1996,train
2483,H0487,heldout
2484,T1997,train
2485,H0488,heldout
2486,T1998,train
2487,T1999,train
2488,T2000,train
2489,T2001,train
2490,T2002,train
2491,T2003,train
2492,T2004,train
2493,T2005,train
2494,T2006,train
2495,T2007,train
2496,H0489,heldout
2497,H0490,heldout
2498,H0491,heldout
2499,T2008,train
2500,T2009,train
2501,T2010,train
2502,T2011,train
2503,T2012,train
2504,H0492,heldout
2505,T2013,train
2506,T2014,train
2507,H0493,heldout
2508,T2015,train
2509,T2016,train
2510,T2017,train
2511,H0494,heldout
2512,T2018,train
2513,T2019,train
2514,T2020,train
2515,H0495,heldout
2516,T2021,train
2517,T2022,train
2518,T2023,train
2519,T2024,train
2520,T2025,train
2521,T2026,train
2522,T2027,train
2523,T2028,train
2524,H0496,heldout
2525,T2029,train
2526,T2030,train
2527,T2031,train
2528,H0497,heldout
2529,H0498,heldout
2530,H0499,heldout
2531,T2032,train
2532,T2033,train
2533,T2034,train
2534,T2035,train
2535,H0500,heldout
2536,T2036,train
2537,T2037,train
2538,T2038,train
2539,H0501,heldout
2540,T2039,train
2541,H0502,heldout
2542,T2040,train
2543,T2041,train
2544,T2042,train
2545,T2043,train
2546,T2044,train
2547,T2045,train
2548,T2046,train
2549,T2047,train
2550,T2048,train
2551,H0503,heldout
2552,T2049,train
2553,H0504,heldout
2554,T2050,train
2555,T2051,train
2556,T2052,train
2557,T2053,train
2558,T2054,train
2559,T2055,train
2560,T2056,train
2561,T2057,train
2562,H0505,heldout
2563,T2058,train
2564,T2059,train
2565,T2060,train
2566,T2061,train
2567,T2062,train
2568,H0506,heldout
2569,H0507,heldout
2570,T2063,train
2571,T2064,train
2572,T2065,train
2573,T2066,train
2574,T2067,train
2575,H0508,heldout
2576,H0509,heldout
2577,T2068,train
2578,T2069,train
2579,T2070,train
2580,T2071,train
2581,T2072,train
2582,T2073,train
2583,T2074,train
2584,T2075,train
2585,T2076,train
2586,T2077,train
2587,T2078,train
2588,T2079,train
2589,T2080,train
2590,H0510,heldout
2591,T2081,train
2592,H0511,heldout
2593,H0512,heldout
2594,H0513,heldout
2595,H0514,heldout
2596,T2082,train
2597,H0515,heldout
2598,T2083,train
2599,T2084,train
2600,T2085,train
2601,T2086,train
2602,T2087,train
2603,T2088,train
2604,T2089,train
2605,T2090,train
2606,T2091,train
2607,T2092,train
2608,T2093,train
2609,T2094,train
2610,H0516,heldout
2611,T2095,train
2612,T2096,train
2613,T2097,train
2614,T2098,train
2615,T2099,train
2616,T2100,train
2617,H0517,heldout
2618,T2101,train
2619,H0518,heldout
2620,T2102,train
2621,T2103,train
2622,T2104,train
2623,T2105,train
2624,T2106,train
2625,T2107,train
2626,T2108,train
2627,T2109,train
2628,T2110,train
2629,T2111,train
2630,T2112,train
2631,H0519,heldout
2632,T2113,train
2633,T2114,train
2634,T2115,train
2635,T2116,train
2636,T2117,train
2637,T2118,train
2638,T2119,train
2639,T2120,train
2640,T2121,train
2641,T2122,train
2642,T2123,train
2643,T2124,train
2644,T2125,train
2645,T2126,train
2646,T2127,train
2647,T2128,train
2648,T2129,train
2649,T2130,train
2650,T2131,train
2651,T2132,train
2652,T2133,train
2653,H0520,heldout
2654,H0521,heldout
2655,T2134,train
2656,H0522,heldout
2657,T2135,train
2658,H0523,heldout
2659,H0524,heldout
2660,T2136,train
2661,T2137,train
2662,H0525,heldout
2663,T2138,train
2664,T2139,train
2665,H0526,heldout
2666,T2140,train
2667,T2141,train
2668,T2142,train
2669,T2143,train
2670,T2144,train
2671,T2145,train
2672,T2146,train
2673,T2147,train
2674,H0527,heldout
2675,T2148,train
2676,T2149,train
2677,T2150,train
2678,T2151,train
2679,H0528,heldout
2680,T2152,train
2681,T2153,train
2682,T2154,train
2683,T2155,train
2684,T2156,train
2685,T2157,train
2686,T2158,train
2687,T2159,train
2688,T2160,train
2689,T2161,train
2690,T2162,train
2691,T2163,train
2692,T2164,train
2693,T2165,train
2694,T2166,train
2695,T2167,train
2696,T2168,train
2697,T2169,train
2698,T2170,train
2699,T2171,train
2700,T2172,train
2701,T2173,train
2702,T2174,train
2703,T2175,train
2704,H0529,heldout
2705,T2176,train
2706,T2177,train
2707,T2178,train
2708,T2179,train
2709,T2180,train
2710,T2181,train
2711,T2182,train
2712,T2183,train
2713,T2184,train
2714,T2185,train
2715,H0530,heldout
2716,T2186,train
2717,T2187,train
2718,T2188,train
2719,H0531,heldout
2720,T2189,train
2721,H0532,heldout
2722,T2190,train
2723,T2191,train
2724,H0533,heldout
2725,H0534,heldout
2726,T2192,train
2727,H0535,heldout
2728,T2193,train
2729,T2194,train
2730,T2195,train
2731,T2196,train
2732,T2197,train
2733,T2198,train
2734,T2199,train
2735,T2200,train
2736,H0536,heldout
2737,T2201,train
2738,T2202,train
2739,H0537,heldout
2740,T2203,train
2741,T2204,train
2742,T2205,train
2743,T2206,train
2744,T2207,train
2745,T2208,train
2746,T2209,train
2747,H0538,heldout
2748,T2210,train
2749,T2211,train
2750,T2212,train
2751,T2213,train
2752,T2214,train
2753,T2215,train
2754,T2216,train
2755,T2217,train
2756,T2218,train
2757,T2219,train
2758,T2220,train
2759,H0539,heldout
2760,T2221,train
2761,H0540,heldout
2762,T2222,train
2763,H0541,heldout
2764,H0542,heldout
2765,T2223,train
2766,T2224,train
2767,T2225,train
2768,T2226,train
2769,T2227,train
2770,T2228,train
2771,T2229,train
2772,T2230,train
2773,T2231,train
2774,H0543,heldout
2775,T2232,train
2776,T2233,train
2777,T2234,train
2778,T2235,train
2779,T2236,train
2780,T2237,train
2781,T2238,train
2782,T2239,train
2783,H0544,heldout
2784,T2240,train
2785,T2241,train
2786,H0545,heldout
2787,T2242,train
2788,T2243,train
2789,T2244,train
2790,T2245,train
2791,T2246,train
2792,T2247,train
2793,T2248,train
2794,T2249,train
2795,T2250,train
2796,T2251,train
2797,T2252,train
2798,H0546,heldout
2799,T2253,train
2800,T2254,train
2801,T2255,train
2802,T2256,train
2803,T2257,train
2804,T2258,train
2805,T2259,train
2806,T2260,train
2807,T2261,train
2808,H0547,heldout
2809,H0548,heldout
2810,T2262,train
2811,T2263,train
2812,T2264,train
2813,T2265,train
2814,T2266,train
2815,T2267,train
2816,T2268,train
2817,T2269,train
2818,H0549,heldout
2819,T2270,train
2820,T2271,train
2821,T2272,train
2822,T2273,train
2823,T2274,train
2824,H0550,heldout
2825,T2275,train
2826,T2276,train
2827,T2277,train
2828,T2278,train
2829,T2279,train
2830,T2280,train
2831,T2281,train
2832,T2282,train
2833,T2283,train
2834,T2284,train
2835,T2285,train
2836,T2286,train
2837,T2287,train
2838,T2288,train
2839,T2289,train
2840,T2290,train
2841,T2291,train
2842,T2292,train
2843,H0551,heldout
2844,T2293,train
2845,T2294,train
2846,H0552,heldout
2847,T2295,train
2848,H0553,heldout
2849,T2296,train
2850,T2297,train
2851,T2298,train
2852,H0554,heldout
2853,T2299,train
2854,T2300,train
2855,T2301,train
2856,T2302,train
2857,H0555,heldout
2858,H0556,heldout
2859,T2303,train
2860,T2304,train
2861,T2305,train
2862,H0557,heldout
2863,T2306,train
2864,T2307,train
2865,H0558,heldout
2866,T2308,train
2867,T2309,train
2868,H0559,heldout
2869,H0560,heldout
2870,T2310,train
2871,T2311,train
2872,H0561,heldout
2873,T2312,train
2874,T2313,train
2875,T2314,train
2876,H0562,heldout
2877,T2315,train
2878,T2316,train
2879,T2317,train
2880,H0563,heldout
2881,T2318,train
2882,T2319,train
2883,T2320,train
2884,T2321,train
2885,H0564,heldout
2886,H0565,heldout
2887,H0566,heldout
2888,T2322,train
2889,T2323,train
2890,T2324,train
2891,T2325,train
2892,T2326,train
2893,H0567,heldout
2894,T2327,train
2895,H0568,heldout
2896,H0569,heldout
2897,H0570,heldout
2898,T2328,train
2899,T2329,train
2900,T2330,train
2901,T2331,train
2902,H0571,heldout
2903,T2332,train
2904,T2333,train
2905,T2334,train
2906,T2335,train
2907,H0572,heldout
2908,T2336,train
2909,T2337,train
2910,H0573,heldout
2911,T2338,train
2912,T2339,train
2913,T2340,train
2914,T2341,train
2915,T2342,train
2916,T2343,train
2917,H0574,heldout
2918,T2344,train
2919,T2345,train
2920,T2346,train
2921,T2347,train
2922,H0575,heldout
2923,T2348,train
2924,T2349,train
2925,T2350,train
2926,H0576,heldout
2927,T2351,train
2928,H0577,heldout
2929,T2352,train
2930,T2353,train
2931,T2354,train
2932,T2355,train
2933,T2356,train
2934,T2357,train
2935,T2358,train
2936,T2359,train
2937,T2360,train
2938,T2361,train
2939,T2362,train
2940,H0578,heldout
2941,H0579,heldout
2942,T2363,train
2943,T2364,train
2944,H0580,heldout
2945,H0581,heldout
2946,T2365,train
2947,T2366,train
2948,T2367,train
2949,T2368,train
2950,T2369,train
2951,T2370,train
2952,T2371,train
2953,H0582,heldout
2954,T2372,train
2955,T2373,train
2956,H0583,heldout
2957,T2374,train
2958,H0584,heldout
2959,H0585,heldout
2960,H0586,heldout
2961,H0587,heldout
2962,T2375,train
2963,H0588,heldout
2964,T2376,train
2965,T2377,train
2966,T2378,train
2967,T2379,train
2968,T2380,train
2969,T2381,train
2970,T2382,train
2971,T2383,train
2972,T2384,train
2973,T2385,train
2974,T2386,train
2975,T2387,train
2976,T2388,train
2977,T2389,train
2978,T2390,train
2979,T2391,train
2980,T2392,train
2981,H0589,heldout
2982,T2393,train
2983,T2394,train
2984,T2395,train
2985,T2396,train
2986,T2397,train
2987,T2398,train
2988,T2399,train
2989,T2400,train
2990,T2401,train
2991,T2402,train
2992,H0590,heldout
2993,T2403,train
2994,T2404,train
2995,T2405,train
2996,T2406,train
2997,T2407,train
2998,T2408,train
2999,T2409,train
3000,T2410,train
3001,T2411,train
3002,T2412,train
3003,T2413,train
3004,T2414,train
3005,T2415,train
3006,T2416,train
3007,T2417,train
3008,T2418,train
3009,T2419,train
3010,T2420,train
3011,T2421,train
3012,T2422,train
3013,T2423,train
3014,T2424,train
3015,T2425,train
3016,T2426,train
3017,T2427,train
3018,T2428,train
3019,T2429,train
3020,H0591,heldout
3021,H0592,heldout
3022,T2430,train
3023,T2431,train
3024,T2432,train
3025,H0593,heldout
3026,T2433,train
3027,T2434,train
3028,H0594,heldout
3029,H0595,heldout
3030,T2435,train
3031,H0596,heldout
3032,T2436,train
3033,H0597,heldout
3034,T2437,train
3035,T2438,train
3036,T2439,train
3037,T2440,train
3038,T2441,train
3039,H0598,heldout
3040,T2442,train
3041,T2443,train
3042,T2444,train
3043,T2445,train
3044,T2446,train
3045,T2447,train
3046,T2448,train
3047,H0599,heldout
3048,T2449,train
3049,T2450,train
3050,T2451,train
3051,T2452,train
3052,T2453,train
3053,T2454,train
3054,T2455,train
3055,T2456,train
3056,T2457,train
3057,T2458,train
3058,T2459,train
3059,T2460,train
3060,T2461,train
3061,T2462,train
3062,T2463,train
3063,T2464,train
3064,T2465,train
3065,T2466,train
3066,T2467,train
3067,T2468,train
3068,T2469,train
3069,T2470,train
3070,H0600,heldout
3071,T2471,train
3072,T2472,train
3073,H0601,heldout
3074,T2473,train
3075,T2474,train
3076,T2475,train
3077,T2476,train
3078,T2477,train
3079,T2478,train
3080,T2479,train
3081,T2480,train
3082,T2481,train
3083,T2482,train
3084,T2483,train
3085,T2484,train
3086,T2485,train
3087,H0602,heldout
3088,H0603,heldout
3089,T2486,train
3090,T2487,train
3091,T2488,train
3092,T2489,train
3093,T2490,train
3094,T2491,train
3095,T2492,train
3096,T2493,train
3097,T2494,train
3098,T2495,train
3099,H0604,heldout
3100,T2496,train
3101,T2497,train
3102,H0605,heldout
3103,H0606,heldout
3104,H0607,heldout
3105,T2498,train
3106,T2499,train
3107,T2500,train
3108,H0608,heldout
3109,T2501,train
3110,T2502,train
3111,T2503,train
3112,T2504,train
3113,T2505,train
3114,T2506,train
3115,H0609,heldout
3116,T2507,train
3117,T2508,train
3118,T2509,train
3119,T2510,train
3120,T2511,train
3121,T2512,train
3122,T2513,train
3123,T2514,train
3124,H0610,heldout
3125,T2515,train
3126,T2516,train
3127,H0611,heldout
3128,T2517,train
3129,T2518,train
3130,T2519,train
3131,H0612,heldout
3132,T2520,train
3133,T2521,train
3134,H0613,heldout
3135,T2522,train
3136,T2523,train
3137,T2524,train
3138,T2525,train
3139,H0614,heldout
3140,T2526,train
3141,T2527,train
3142,T2528,train
3143,H0615,heldout
3144,T2529,train
3145,T2530,train
3146,T2531,train
3147,T2532,train
3148,T2533,train
3149,H0616,heldout
3150,T2534,train
3151,T2535,train
3152,H0617,heldout
3153,T2536,train
3154,T2537,train
3155,T2538,train
3156,H0618,heldout
3157,T2539,train
3158,T2540,train
3159,T2541,train
3160,T2542,train
3161,T2543,train
3162,T2544,train
3163,T2545,train
3164,T2546,train
3165,T2547,train
3166,T2548,train
3167,H0619,heldout
3168,H0620,heldout
3169,T2549,train
3170,T2550,train
3171,T2551,train
3172,T2552,train
3173,T2553,train
3174,T2554,train
3175,T2555,train
3176,T2556,train
3177,T2557,train
3178,T2558,train
3179,H0621,heldout
3180,T2559,train
3181,H0622,heldout
3182,T2560,train
3183,T2561,train
3184,T2562,train
3185,T2563,train
3186,T2564,train
3187,H0623,heldout
3188,T2565,train
3189,T2566,train
3190,H0624,heldout
3191,T2567,train
3192,T2568,train
3193,T2569,train
3194,T2570,train
3195,T2571,train
3196,T2572,train
3197,T2573,train
3198,T2574,train
3199,T2575,train
3200,T2576,train
3201,T2577,train
3202,T2578,train
3203,T2579,train
3204,H0625,heldout
3205,H0626,heldout
3206,T2580,train
3207,T2581,train
3208,T2582,train
3209,T2583,train
3210,T2584,train
3211,T2585,train
3212,H0627,heldout
3213,T2586,train
3214,T2587,train
3215,T2588,train
3216,H0628,heldout
3217,T2589,train
3218,T2590,train
3219,H0629,heldout
3220,T2591,train
3221,H0630,heldout
3222,H0631,heldout
3223,H0632,heldout
3224,T2592,train
3225,T2593,train
3226,T2594,train
3227,H0633,heldout
3228,T2595,train
3229,T2596,train
3230,T2597,train
3231,T2598,train
3232,T2599,train
3233,T2600,train
3234,T2601,train
3235,H0634,heldout
3236,H0635,heldout
3237,T2602,train
3238,T2603,train
3239,T2604,train
3240,T2605,train
3241,T2606,train
3242,T2607,train
3243,H0636,heldout
3244,T2608,train
3245,H0637,heldout
3246,T2609,train
3247,T2610,train
3248,T2611,train
3249,T2612,train
3250,T2613,train
3251,T2614,train
3252,T2615,train
3253,T2616,train
3254,H0638,heldout
3255,T2617,train
3256,T2618,train
3257,T2619,train
3258,H0639,heldout
3259,T2620,train
3260,H0640,heldout
3261,T2621,train
3262,T2622,train
3263,T2623,train
3264,T2624,train
3265,T2625,train
3266,T2626,train
3267,T2627,train
3268,T2628,train
3269,T2629,train
3270,H0641,heldout
3271,H0642,heldout
3272,T2630,train
3273,T2631,train
3274,T2632,train
3275,T2633,train
3276,T2634,train
3277,T2635,train
3278,H0643,heldout
3279,T2636,train
3280,T2637,train
3281,T2638,train
3282,T2639,train
3283,T2640,train
3284,T2641,train
3285,T2642,train
3286,T2643,train
3287,T2644,train
3288,T2645,train
3289,T2646,train
3290,T2647,train
3291,H0644,heldout
3292,T2648,train
3293,T2649,train
3294,T2650,train
3295,T2651,train
3296,T2652,train
3297,T2653,train
3298,T2654,train
3299,T2655,train
3300,H0645,heldout
3301,T2656,train
3302,T2657,train
3303,T2658,train
3304,T2659,train
3305,T2660,train
3306,T2661,train
3307,T2662,train
3308,H0646,heldout
3309,T2663,train
3310,T2664,train
3311,T2665,train
3312,T2666,train
3313,T2667,train
3314,T2668,train
3315,H0647,heldout
3316,T2669,train
3317,T2670,train
3318,T2671,train
3319,T2672,train
3320,T2673,train
3321,T2674,train
3322,T2675,train
3323,T2676,train
3324,T2677,train
3325,H0648,heldout
3326,T2678,train
3327,T2679,train
3328,T2680,train
3329,T2681,train
3330,T2682,train
3331,T2683,train
3332,T2684,train
3333,T2685,train
3334,T2686,train
3335,T2687,train
3336,T2688,train
3337,T2689,train
3338,T2690,train
3339,T2691,train
3340,H0649,heldout
3341,T2692,train
3342,T2693,train
3343,T2694,train
3344,H0650,heldout
3345,H0651,heldout
3346,T2695,train
3347,T2696,train
3348,T2697,train
3349,T2698,train
3350,T2699,train
3351,T2700,train
3352,T2701,train
3353,T2702,train
3354,T2703,train
3355,T2704,train
3356,T2705,train
3357,T2706,train
3358,T2707,train
3359,T2708,train
3360,T2709,train
3361,T2710,train
3362,H0652,heldout
3363,H0653,heldout
3364,T2711,train
3365,T2712,train
3366,T2713,train
3367,T2714,train
3368,T2715,train
3369,T2716,train
3370,T2717,train
3371,H0654,heldout
3372,T2718,train
3373,T2719,train
3374,T2720,train
3375,T2721,train
3376,T2722,train
3377,T2723,train
3378,H0655,heldout
3379,T2724,train
3380,T2725,train
3381,T2726,train
3382,H0656,heldout
3383,T2727,train
3384,T2728,train
3385,T2729,train
3386,H0657,heldout
3387,T2730,train
3388,T2731,train
3389,H0658,heldout
3390,H0659,heldout
3391,T2732,train
3392,T2733,train
3393,T2734,train
3394,T2735,train
3395,H0660,heldout
3396,T2736,train
3397,H0661,heldout
3398,T2737,train
3399,T2738,train
3400,T2739,train
3401,T2740,train
3402,T2741,train
3403,T2742,train
3404,T2743,train
3405,T2744,train
3406,T2745,train
3407,H0662,heldout
3408,T2746,train
3409,T2747,train
3410,H0663,heldout
3411,T2748,train
3412,H0664,heldout
3413,H0665,heldout
3414,T2749,train
3415,T2750,train
3416,T2751,train
3417,T2752,train
3418,T2753,train
3419,T2754,train
3420,T2755,train
3421,T2756,train
3422,T2757,train
3423,T2758,train
3424,T2759,train
3425,T2760,train
3426,T2761,train
3427,T2762,train
3428,T2763,train
3429,T2764,train
3430,T2765,train
3431,T2766,train
3432,T2767,train
3433,T2768,train
3434,T2769,train
3435,T2770,train
3436,T2771,train
3437,T2772,train
3438,T2773,train
3439,T2774,train
3440,T2775,train
3441,H0666,heldout
3442,T2776,train
3443,T2777,train
3444,H0667,heldout
3445,T2778,train
3446,T2779,train
3447,T2780,train
3448,H0668,heldout
3449,T2781,train
3450,T2782,train
3451,T2783,train
3452,T2784,train
3453,T2785,train
3454,T2786,train
3455,T2787,train
3456,T2788,train
3457,T2789,train
3458,T2790,train
3459,T2791,train
3460,T2792,train
3461,T2793,train
3462,T2794,train
3463,T2795,train
3464,T2796,train
3465,T2797,train
3466,T2798,train
3467,T2799,train
3468,T2800,train
3469,T2801,train
3470,T2802,train
3471,T2803,train
3472,T2804,train
3473,T2805,train
3474,H0669,heldout
3475,H0670,heldout
3476,T2806,train
3477,T2807,train
3478,T2808,train
3479,T2809,train
3480,H0671,heldout
3481,T2810,train
3482,H0672,heldout
3483,T2811,train
3484,T2812,train
3485,T2813,train
3486,T2814,train
3487,T2815,train
3488,H0673,heldout
3489,H0674,heldout
3490,T2816,train
3491,H0675,heldout
3492,T2817,train
3493,T2818,train
3494,T2819,train
3495,H0676,heldout
3496,T2820,train
3497,T2821,train
3498,T2822,train
3499,T2823,train
3500,H0677,heldout
3501,H0678,heldout
3502,T2824,train
3503,H0679,heldout
3504,T2825,train
3505,H0680,heldout
3506,T2826,train
3507,T2827,train
3508,T2828,train
3509,T2829,train
3510,T2830,train
3511,T2831,train
3512,H0681,heldout
3513,T2832,train
3514,H0682,heldout
3515,H0683,heldout
3516,T2833,train
3517,T2834,train
3518,T2835,train
3519,T2836,train
3520,T2837,train
3521,T2838,train
3522,T2839,train
3523,T2840,train
3524,T2841,train
3525,T2842,train
3526,H0684,heldout
3527,T2843,train
3528,T2844,train
3529,T2845,train
3530,T2846,train
3531,T2847,train
3532,T2848,train
3533,H0685,heldout
3534,T2849,train
3535,T2850,train
3536,T2851,train
3537,T2852,train
3538,H0686,heldout
3539,T2853,train
3540,T2854,train
3541,T2855,train
3542,T2856,train
3543,T2857,train
3544,T2858,train
3545,H0687,heldout
3546,T2859,train
3547,T2860,train
3548,T2861,train
3549,T2862,train
3550,T2863,train
3551,H0688,heldout
3552,T2864,train
3553,T2865,train
3554,T2866,train
3555,H0689,heldout
3556,H0690,heldout
3557,T2867,train
3558,T2868,train
3559,T2869,train
3560,T2870,train
3561,T2871,train
3562,T2872,train
3563,T2873,train
3564,T2874,train
3565,T2875,train
3566,H0691,heldout
3567,T2876,train
3568,T2877,train
3569,T2878,train
3570,T2879,train
3571,T2880,train
3572,T2881,train
3573,H0692,heldout
3574,H0693,heldout
3575,T2882,train
3576,T2883,train
3577,T2884,train
3578,T2885,train
3579,T2886,train
3580,T2887,train
3581,T2888,train
3582,H0694,heldout
3583,T2889,train
3584,T2890,train
3585,T2891,train
3586,T2892,train
3587,T2893,train
3588,T2894,train
3589,H0695,heldout
3590,T2895,train
3591,T2896,train
3592,T2897,train
3593,T2898,train
3594,T2899,train
3595,T2900,train
3596,T2901,train
3597,T2902,train
3598,T2903,train
3599,T2904,train
3600,H0696,heldout
3601,T2905,train
3602,H0697,heldout
3603,T2906,train
3604,T2907,train
3605,T2908,train
3606,T2909,train
3607,T2910,train
3608,T2911,train
3609,T2912,train
3610,T2913,train
3611,H0698,heldout
3612,T2914,train
3613,T2915,train
3614,T2916,train
3615,T2917,train
3616,T2918,train
3617,H0699,heldout
3618,T2919,train
3619,H0700,heldout
3620,T2920,train
3621,T2921,train
3622,T2922,train
3623,T2923,train
3624,T2924,train
3625,T2925,train
3626,H0701,heldout
3627,T2926,train
3628,T2927,train
3629,T2928,train
3630,H0702,heldout
3631,T2929,train
3632,T2930,train
3633,T2931,train
3634,T2932,train
3635,T2933,train
3636,T2934,train
3637,T2935,train
3638,H0703,heldout
3639,T2936,train
3640,T2937,train
3641,T2938,train
3642,T2939,train
3643,T2940,train
3644,T2941,train
3645,H0704,heldout
3646,T2942,train
3647,T2943,train
3648,T2944,train
3649,H0705,heldout
3650,H0706,heldout
3651,T2945,train
3652,H0707,heldout
3653,H0708,heldout
3654,H0709,heldout
3655,T2946,train
3656,T2947,train
3657,H0710,heldout
3658,T2948,train
3659,T2949,train
3660,H0711,heldout
3661,T2950,train
3662,H0712,heldout
3663,T2951,train
3664,T2952,train
3665,T2953,train
3666,H0713,heldout
3667,T2954,train
3668,T2955,train
3669,T2956,train
3670,T2957,train
3671,H0714,heldout
3672,H0715,heldout
3673,T2958,train
3674,T2959,train
3675,H0716,heldout
3676,T2960,train
3677,T2961,train
3678,T2962,train
3679,T2963,train
3680,T2964,train
3681,T2965,train
3682,H0717,heldout
3683,T2966,train
3684,T2967,train
3685,H0718,heldout
3686,H0719,heldout
3687,T2968,train
3688,H0720,heldout
3689,T2969,train
3690,T2970,train
3691,T2971,train
3692,T2972,train
3693,T2973,train
3694,T2974,train
3695,T2975,train
3696,H0721,heldout
3697,T2976,train
3698,T2977,train
3699,T2978,train
3700,T2979,train
3701,T2980,train
3702,T2981,train
3703,T2982,train
3704,T2983,train
3705,T2984,train
3706,H0722,heldout
3707,H0723,heldout
3708,T2985,train
3709,H0724,heldout
3710,T2986,train
3711,T2987,train
3712,T2988,train
3713,T2989,train
3714,T2990,train
3715,T2991,train
3716,T2992,train
3717,T2993,train
3718,H0725,heldout
3719,T2994,train
3720,T2995,train
3721,T2996,train
3722,T2997,train
3723,T2998,train
3724,T2999,train
3725,T3000,train
3726,T3001,train
3727,T3002,train
3728,T3003,train
3729,T3004,train
3730,T3005,train
3731,T3006,train
3732,T3007,train
3733,H0726,heldout
3734,H0727,heldout
3735,T3008,train
3736,H0728,heldout
3737,T3009,train
3738,T3010,train
3739,T3011,train
3740,T3012,train
3741,T3013,train
3742,T3014,train
3743,T3015,train
3744,T3016,train
3745,T3017,train
3746,T3018,train
3747,T3019,train
3748,T3020,train
3749,T3021,train
3750,T3022,train
3751,T3023,train
3752,H0729,heldout
3753,H0730,heldout
3754,T3024,train
3755,T3025,train
3756,T3026,train
3757,H0731,heldout
3758,H0732,heldout
3759,T3027,train
3760,T3028,train
3761,T3029,train
3762,T3030,train
3763,T3031,train
3764,H0733,heldout
3765,T3032,train
3766,T3033,train
3767,T3034,train
3768,T3035,train
3769,T3036,train
3770,T3037,train
3771,T3038,train
3772,T3039,train
3773,T3040,train
3774,T3041,train
3775,H0734,heldout
3776,T3042,train
3777,T3043,train
3778,T3044,train
3779,H0735,heldout
3780,T3045,train
3781,T3046,train
3782,T3047,train
3783,T3048,train
3784,T3049,train
3785,T3050,train
3786,T3051,train
3787,T3052,train
3788,T3053,train
3789,T3054,train
3790,T3055,train
3791,T3056,train
3792,T3057,train
3793,H0736,heldout
3794,H0737,heldout
3795,T3058,train
3796,T3059,train
3797,T3060,train
3798,T3061,train
3799,T3062,train
3800,T3063,train
3801,T3064,train
3802,H0738,heldout
3803,T3065,train
3804,H0739,heldout
3805,T3066,train
3806,H0740,heldout
3807,T3067,train
3808,T3068,train
3809,H0741,heldout
3810,T3069,train
3811,T3070,train
3812,H0742,heldout
3813,T3071,train
3814,T3072,train
3815,H0743,heldout
3816,H0744,heldout
3817,H0745,heldout
3818,T3073,train
3819,T3074,train
3820,T3075,train
3821,H0746,heldout
3822,H0747,heldout
3823,T3076,train
3824,T3077,train
3825,T3078,train
3826,T3079,train
3827,T3080,train
3828,T3081,train
3829,T3082,train
3830,T3083,train
3831,T3084,train
3832,T3085,train
3833,H0748,heldout
3834,T3086,train
3835,H0749,heldout
3836,T3087,train
3837,T3088,train
3838,H0750,heldout
3839,T3089,train
3840,T3090,train
3841,H0751,heldout
3842,T3091,train
3843,T3092,train
3844,T3093,train
3845,T3094,train
3846,H0752,heldout
3847,T3095,train
3848,H0753,heldout
3849,T3096,train
3850,H0754,heldout
3851,H0755,heldout
3852,H0756,heldout
3853,H0757,heldout
3854,T3097,train
3855,T3098,train
3856,T3099,train
3857,H0758,heldout
3858,H0759,heldout
3859,T3100,train
3860,T3101,train
3861,T3102,train
3862,H0760,heldout
3863,T3103,train
3864,T3104,train
3865,T3105,train
3866,T3106,train
3867,H0761,heldout
3868,T3107,train
3869,T3108,train
3870,T3109,train
3871,T3110,train
3872,T3111,train
3873,T3112,train
3874,T3113,train
3875,T3114,train
3876,T3115,train
3877,T3116,train
3878,T3117,train
3879,T3118,train
3880,T3119,train
3881,H0762,heldout
3882,T3120,train
3883,H0763,heldout
3884,T3121,train
3885,T3122,train
3886,T3123,train
3887,T3124,train
3888,T3125,train
3889,T3126,train
3890,H0764,heldout
3891,T3127,train
3892,H0765,heldout
3893,T3128,train
3894,T3129,train
3895,T3130,train
3896,T3131,train
3897,H0766,heldout
3898,H0767,heldout
3899,H0768,heldout
3900,H0769,heldout
3901,H0770,heldout
3902,T3132,train
3903,H0771,heldout
3904,T3133,train
3905,T3134,train
3906,T3135,train
3907,T3136,train
3908,T3137,train
3909,T3138,train
3910,T3139,train
3911,T3140,train
3912,T3141,train
3913,T3142,train
3914,T3143,train
3915,T3144,train
3916,T3145,train
3917,T3146,train
3918,T3147,train
3919,H0772,heldout
3920,T3148,train
3921,T3149,train
3922,T3150,train
3923,T3151,train
3924,H0773,heldout
3925,T3152,train
3926,T3153,train
3927,H0774,heldout
3928,T3154,train
3929,T3155,train
3930,T3156,train
3931,T3157,train
3932,T3158,train
3933,T3159,train
3934,T3160,train
3935,T3161,train
3936,T3162,train
3937,T3163,train
3938,T3164,train
3939,T3165,train
3940,T3166,train
3941,T3167,train
3942,H0775,heldout
3943,T3168,train
3944,T3169,train
3945,T3170,train
3946,T3171,train
3947,T3172,train
3948,T3173,train
3949,T3174,train
3950,H0776,heldout
3951,T3175,train
3952,T3176,train
3953,T3177,train
3954,T3178,train
3955,T3179,train
3956,T3180,train
3957,T3181,train
3958,T3182,train
3959,T3183,train
3960,T3184,train
3961,T3185,train
3962,H0777,heldout
3963,T3186,train
3964,H0778,heldout
3965,H0779,heldout
3966,T3187,train
3967,H0780,heldout
3968,T3188,train
3969,T3189,train
3970,T3190,train
3971,T3191,train
3972,T3192,train
3973,T3193,train
3974,T3194,train
3975,T3195,train
3976,T3196,train
3977,T3197,train
3978,T3198,train
3979,T3199,train
3980,T3200,train
3981,T3201,train
3982,T3202,train
3983,T3203,train
3984,T3204,train
3985,T3205,train
3986,T3206,train
3987,T3207,train
3988,T3208,train
3989,T3209,train
3990,T3210,train
3991,T3211,train
3992,T3212,train
3993,T3213,train
3994,T3214,train
3995,H0781,heldout
3996,T3215,train
3997,T3216,train
3998,H0782,heldout
3999,T3217,train
4000,T3218,train
4001,T3219,train
4002,T3220,train
4003,T3221,train
4004,H0783,heldout
4005,T3222,train
4006,T3223,train
4007,T3224,train
4008,T3225,train
4009,T3226,train
4010,T3227,train
4011,T3228,train
4012,T3229,train
4013,T3230,train
4014,H0784,heldout
4015,T3231,train
4016,T3232,train
4017,T3233,train
4018,T3234,train
4019,T3235,train
4020,T3236,train
4021,T3237,train
4022,H0785,heldout
4023,T3238,train
4024,H0786,heldout
4025,T3239,train
4026,T3240,train
4027,H0787,heldout
4028,T3241,train
4029,T3242,train
4030,T3243,train
4031,T3244,train
4032,T3245,train
4033,T3246,train
4034,H0788,heldout
4035,H0789,heldout
4036,T3247,train
4037,T3248,train
4038,T3249,train
4039,H0790,heldout
4040,T3250,train
4041,H0791,heldout
4042,T3251,train
4043,T3252,train
4044,T3253,train
4045,H0792,heldout
4046,T3254,train
4047,H0793,heldout
4048,T3255,train
4049,T3256,train
4050,T3257,train
4051,T3258,train
4052,T3259,train
4053,H0794,heldout
4054,H0795,heldout
4055,H0796,heldout
4056,T3260,train
4057,T3261,train
4058,T3262,train
4059,T3263,train
4060,T3264,train
4061,T3265,train
4062,T3266,train
4063,T3267,train
4064,T3268,train
4065,T3269,train
4066,T3270,train
4067,H0797,heldout
4068,T3271,train
4069,H0798,heldout
4070,T3272,train
4071,T3273,train
4072,H0799,heldout
4073,H0800,heldout
4074,H0801,heldout
4075,T3274,train
4076,T3275,train
4077,T3276,train
4078,T3277,train
4079,T3278,train
4080,T3279,train
4081,T3280,train
4082,T3281,train
4083,H0802,heldout
4084,T3282,train
4085,T3283,train
4086,T3284,train
4087,T3285,train
4088,T3286,train
4089,T3287,train
4090,T3288,train
4091,T3289,train
4092,T3290,train
4093,T3291,train
4094,T3292,train
4095,T3293,train
4096,T3294,train
4097,T3295,train
4098,H0803,heldout
4099,T3296,train
4100,T3297,train
4101,T3298,train
4102,T3299,train
4103,T3300,train
4104,T3301,train
4105,H0804,heldout
4106,T3302,train
4107,T3303,train
4108,T3304,train
4109,T3305,train
4110,T3306,train
4111,T3307,train
4112,T3308,train
4113,H0805,heldout
4114,H0806,heldout
4115,T3309,train
4116,T3310,train
4117,T3311,train
4118,T3312,train
4119,T3313,train
4120,T3314,train
4121,T3315,train
4122,T3316,train
4123,T3317,train
4124,T3318,train
4125,H0807,heldout
4126,T3319,train
4127,H0808,heldout
4128,T3320,train
4129,T3321,train
4130,T3322,train
4131,H0809,heldout
4132,T3323,train
4133,T3324,train
4134,T3325,train
4135,H0810,heldout
4136,T3326,train
4137,T3327,train
4138,H0811,heldout
4139,H0812,heldout
4140,T3328,train
4141,T3329,train
4142,T3330,train
4143,T3331,train
4144,H0813,heldout
4145,H0814,heldout
4146,T3332,train
4147,T3333,train
4148,T3334,train
4149,T3335,train
4150,T3336,train
4151,T3337,train
4152,T3338,train
4153,T3339,train
4154,T3340,train
4155,H0815,heldout
4156,T3341,train
4157,T3342,train
4158,T3343,train
4159,T3344,train
4160,T3345,train
4161,T3346,train
4162,T3347,train
4163,T3348,train
4164,T3349,train
4165,H0816,heldout
4166,T3350,train
4167,T3351,train
4168,T3352,train
4169,T3353,train
4170,T3354,train
4171,T3355,train
4172,T3356,train
4173,T3357,train
4174,T3358,train
4175,T3359,train
4176,T3360,train
4177,T3361,train
4178,H0817,heldout
4179,T3362,train
4180,T3363,train
4181,T3364,train
4182,H0818,heldout
4183,T3365,train
4184,T3366,train
4185,T3367,train
4186,T3368,train
4187,H0819,heldout
4188,T3369,train
4189,T3370,train
4190,T3371,train
4191,T3372,train
4192,T3373,train
4193,T3374,train
4194,T3375,train
4195,T3376,train
4196,T3377,train
4197,T3378,train
4198,H0820,heldout
4199,H0821,heldout
4200,T3379,train
4201,T3380,train
4202,H0822,heldout
4203,T3381,train
4204,T3382,train
4205,T3383,train
4206,T3384,train
4207,T3385,train
4208,T3386,train
4209,T3387,train
4210,H0823,heldout
4211,T3388,train
4212,H0824,heldout
4213,T3389,train
4214,T3390,train
4215,H0825,heldout
4216,T3391,train
4217,T3392,train
4218,T3393,train
4219,T3394,train
4220,T3395,train
4221,T3396,train
4222,T3397,train
4223,T3398,train
4224,T3399,train
4225,H0826,heldout
4226,T3400,train
4227,T3401,train
4228,H0827,heldout
4229,T3402,train
4230,T3403,train
4231,T3404,train
4232,H0828,heldout
4233,T3405,train
4234,T3406,train
4235,T3407,train
4236,T3408,train
4237,T3409,train
4238,H0829,heldout
4239,T3410,train
4240,H0830,heldout
4241,T3411,train
4242,T3412,train
4243,T3413,train
4244,T3414,train
4245,T3415,train
4246,T3416,train
4247,T3417,train
4248,T3418,train
4249,T3419,train
4250,T3420,train
4251,T3421,train
4252,T3422,train
4253,T3423,train
4254,H0831,heldout
4255,T3424,train
4256,T3425,train
4257,T3426,train
4258,H0832,heldout
4259,H0833,heldout
4260,T3427,train
4261,H0834,heldout
4262,T3428,train
4263,T3429,train
4264,T3430,train
4265,H0835,heldout
4266,T3431,train
4267,T3432,train
4268,T3433,train
4269,T3434,train
4270,T3435,train
4271,T3436,train
4272,T3437,train
4273,T3438,train
4274,T3439,train
4275,T3440,train
4276,T3441,train
4277,T3442,train
4278,T3443,train
4279,H0836,heldout
4280,T3444,train
4281,T3445,train
4282,T3446,train
4283,H0837,heldout
4284,H0838,heldout
4285,T3447,train
4286,T3448,train
4287,T3449,train
4288,T3450,train
4289,T3451,train
4290,T3452,train
4291,T3453,train
4292,T3454,train
4293,T3455,train
4294,T3456,train
4295,T3457,train
4296,T3458,train
4297,T3459,train
4298,T3460,train
4299,T3461,train
4300,T3462,train
4301,T3463,train
4302,H0839,heldout
4303,H0840,heldout
4304,T3464,train
4305,T3465,train
4306,H0841,heldout
4307,T3466,train
4308,T3467,train
4309,T3468,train
4310,H0842,heldout
4311,T3469,train
4312,T3470,train
4313,T3471,train
4314,T3472,train
4315,T3473,train
4316,H0843,heldout
4317,T3474,train
4318,H0844,heldout
4319,H0845,heldout
4320,H0846,heldout
4321,T3475,train
4322,H0847,heldout
4323,T3476,train
4324,T3477,train
4325,H0848,heldout
4326,H0849,heldout
4327,T3478,train
4328,H0850,heldout
4329,T3479,train
4330,T3480,train
4331,T3481,train
4332,T3482,train
4333,T3483,train
4334,T3484,train
4335,H0851,heldout
4336,H0852,heldout
4337,T3485,train
4338,T3486,train
4339,T3487,train
4340,T3488,train
4341,T3489,train
4342,T3490,train
4343,T3491,train
4344,T3492,train
4345,H0853,heldout
4346,H0854,heldout
4347,H0855,heldout
4348,T3493,train
4349,T3494,train
4350,T3495,train
4351,H0856,heldout
4352,H0857,heldout
4353,T3496,train
4354,H0858,heldout
4355,T3497,train
4356,H0859,heldout
4357,T3498,train
4358,H0860,heldout
4359,T3499,train
4360,T3500,train
4361,T3501,train
4362,T3502,train
4363,H0861,heldout
4364,T3503,train
4365,T3504,train
4366,T3505,train
4367,T3506,train
4368,H0862,heldout
4369,H0863,heldout
4370,T3507,train
4371,T3508,train
4372,T3509,train
4373,T3510,train
4374,T3511,train
4375,T3512,train
4376,T3513,train
4377,T3514,train
4378,T3515,train
4379,H0864,heldout
4380,T3516,train
4381,H0865,heldout
4382,T3517,train
4383,T3518,train
4384,T3519,train
4385,T3520,train
4386,H0866,heldout
4387,H0867,heldout
4388,T3521,train
4389,H0868,heldout
4390,T3522,train
4391,H0869,heldout
4392,T3523,train
4393,T3524,train
4394,T3525,train
4395,T3526,train
4396,T3527,train
4397,T3528,train
4398,T3529,train
4399,T3530,train
4400,T3531,train
4401,T3532,train
4402,T3533,train
4403,T3534,train
4404,T3535,train
4405,T3536,train
4406,T3537,train
4407,T3538,train
4408,T3539,train
4409,T3540,train
4410,T3541,train
4411,T3542,train
4412,H0870,heldout
4413,T3543,train
4414,T3544,train
4415,H0871,heldout
4416,T3545,train
4417,T3546,train
4418,T3547,train
4419,T3548,train
4420,T3549,train
4421,T3550,train
4422,H0872,heldout
4423,T3551,train
4424,T3552,train
4425,T3553,train
4426,H0873,heldout
4427,T3554,train
4428,H0874,heldout
4429,T3555,train
4430,T3556,train
4431,T3557,train
4432,T3558,train
4433,T3559,train
4434,T3560,train
4435,T3561,train
4436,T3562,train
4437,H0875,heldout
4438,T3563,train
4439,T3564,train
4440,H0876,heldout
4441,H0877,heldout
4442,T3565,train
4443,T3566,train
4444,T3567,train
4445,H0878,heldout
4446,T3568,train
4447,T3569,train
4448,T3570,train
4449,T3571,train
4450,T3572,train
4451,T3573,train
4452,T3574,train
4453,T3575,train
4454,H0879,heldout
4455,H0880,heldout
4456,T3576,train
4457,H0881,heldout
4458,T3577,train
4459,T3578,train
4460,T3579,train
4461,T3580,train
4462,T3581,train
4463,T3582,train
4464,T3583,train
4465,T3584,train
4466,T3585,train
4467,T3586,train
4468,H0882,heldout
4469,H0883,heldout
4470,T3587,train
4471,T3588,train
4472,T3589,train
4473,T3590,train
4474,T3591,train
4475,H0884,heldout
4476,T3592,train
4477,T3593,train
4478,H0885,heldout
4479,T3594,train
4480,T3595,train
4481,T3596,train
4482,T3597,train
4483,T3598,train
4484,T3599,train
4485,T3600,train
4486,H0886,heldout
4487,H0887,heldout
4488,H0888,heldout
4489,H0889,heldout
4490,T3601,train
4491,T3602,train
4492,T3603,train
4493,H0890,heldout
4494,T3604,train
4495,T3605,train
4496,T3606,train
4497,T3607,train
4498,T3608,train
4499,T3609,train
4500,T3610,train
4501,T3611,train
4502,T3612,train
4503,T3613,train
4504,T3614,train
4505,T3615,train
4506,T3616,train
4507,H0891,heldout
4508,H0892,heldout
4509,H0893,heldout
4510,T3617,train
4511,T3618,train
4512,H0894,heldout
4513,T3619,train
4514,H0895,heldout
4515,H0896,heldout
4516,T3620,train
4517,T3621,train
4518,T3622,train
4519,T3623,train
4520,T3624,train
4521,H0897,heldout
4522,T3625,train
4523,T3626,train
4524,T3627,train
4525,T3628,train
4526,T3629,train
4527,T3630,train
4528,T3631,train
4529,T3632,train
4530,T3633,train
4531,T3634,train
4532,H0898,heldout
4533,H0899,heldout
4534,T3635,train
4535,H0900,heldout
4536,H0901,heldout
4537,T3636,train
4538,T3637,train
4539,T3638,train
4540,T3639,train
4541,T3640,train
4542,H0902,heldout
4543,T3641,train
4544,H0903,heldout
4545,H0904,heldout
4546,T3642,train
4547,T3643,train
4548,T3644,train
4549,T3645,train
4550,T3646,train
4551,T3647,train
4552,T3648,train
4553,T3649,train
4554,T3650,train
4555,T3651,train
4556,T3652,train
4557,T3653,train
4558,H0905,heldout
4559,T3654,train
4560,H0906,heldout
4561,T3655,train
4562,T3656,train
4563,T3657,train
4564,T3658,train
4565,T3659,train
4566,T3660,train
4567,T3661,train
4568,T3662,train
4569,T3663,train
4570,T3664,train
4571,T3665,train
4572,T3666,train
4573,T3667,train
4574,T3668,train
4575,H0907,heldout
4576,T3669,train
4577,T3670,train
4578,T3671,train
4579,H0908,heldout
4580,H0909,heldout
4581,H0910,heldout
4582,T3672,train
4583,T3673,train
4584,T3674,train
4585,H0911,heldout
4586,T3675,train
4587,T3676,train
4588,H0912,heldout
4589,T3677,train
4590,H0913,heldout
4591,T3678,train
4592,T3679,train
4593,T3680,train
4594,T3681,train
4595,T3682,train
4596,T3683,train
4597,T3684,train
4598,T3685,train
4599,T3686,train
4600,H0914,heldout
4601,T3687,train
4602,T3688,train
4603,T3689,train
4604,T3690,train
4605,T3691,train
4606,H0915,heldout
4607,T3692,train
4608,T3693,train
4609,T3694,train
4610,T3695,train
4611,T3696,train
4612,T3697,train
4613,H0916,heldout
4614,T3698,train
4615,T3699,train
4616,T3700,train
4617,T3701,train
4618,T3702,train
4619,T3703,train
4620,T3704,train
4621,T3705,train
4622,T3706,train
4623,T3707,train
4624,H0917,heldout
4625,T3708,train
4626,T3709,train
4627,T3710,train
4628,T3711,train
4629,H0918,heldout
4630,T3712,train
4631,T3713,train
4632,T3714,train
4633,H0919,heldout
4634,T3715,train
4635,T3716,train
4636,T3717,train
4637,T3718,train
4638,H0920,heldout
4639,T3719,train
4640,T3720,train
4641,T3721,train
4642,T3722,train
4643,T3723,train
4644,T3724,train
4645,H0921,heldout
4646,T3725,train
4647,T3726,train
4648,T3727,train
4649,T3728,train
4650,T3729,train
4651,T3730,train
4652,T3731,train
4653,H0922,heldout
4654,T3732,train
4655,T3733,train
4656,T3734,train
4657,T3735,train
4658,T3736,train
4659,T3737,train
4660,T3738,train
4661,H0923,heldout
4662,T3739,train
4663,H0924,heldout
4664,T3740,train
4665,T3741,train
4666,T3742,train
4667,T3743,train
4668,T3744,train
4669,T3745,train
4670,T3746,train
4671,T3747,train
4672,H0925,heldout
4673,T3748,train
4674,T3749,train
4675,T3750,train
4676,H0926,heldout
4677,H0927,heldout
4678,H0928,heldout
4679,H0929,heldout
4680,T3751,train
4681,T3752,train
4682,T3753,train
4683,T3754,train
4684,T3755,train
4685,H0930,heldout
4686,H0931,heldout
4687,T3756,train
4688,T3757,train
4689,T3758,train
4690,T3759,train
4691,T3760,train
4692,T3761,train
4693,H0932,heldout
4694,T3762,train
4695,H0933,heldout
4696,T3763,train
4697,T3764,train
4698,T3765,train
4699,H0934,heldout
4700,T3766,train
4701,T3767,train
4702,T3768,train
4703,H0935,heldout
4704,T3769,train
4705,T3770,train
4706,T3771,train
4707,H0936,heldout
4708,T3772,train
4709,T3773,train
4710,T3774,train
4711,T3775,train
4712,T3776,train
4713,T3777,train
4714,T3778,train
4715,H0937,heldout
4716,T3779,train
4717,T3780,train
4718,T3781,train
4719,T3782,train
4720,T3783,train
4721,T3784,train
4722,T3785,train
4723,T3786,train
4724,T3787,train
4725,H0938,heldout
4726,H0939,heldout
4727,T3788,train
4728,T3789,train
4729,T3790,train
4730,T3791,train
4731,T3792,train
4732,T3793,train
4733,T3794,train
4734,T3795,train
4735,H0940,heldout
4736,T3796,train
4737,T3797,train
4738,T3798,train
4739,H0941,heldout
4740,T3799,train
4741,T3800,train
4742,T3801,train
4743,H0942,heldout
4744,T3802,train
4745,T3803,train
4746,T3804,train
4747,T3805,train
4748,T3806,train
4749,T3807,train
4750,T3808,train
4751,T3809,train
4752,H0943,heldout
4753,H0944,heldout
4754,T3810,train
4755,T3811,train
4756,T3812,train
4757,T3813,train
4758,T3814,train
4759,T3815,train
4760,H0945,heldout
4761,T3816,train
4762,T3817,train
4763,H0946,heldout
4764,H0947,heldout
4765,T3818,train
4766,T3819,train
4767,T3820,train
4768,T3821,train
4769,T3822,train
4770,H0948,heldout
4771,T3823,train
4772,T3824,train
4773,T3825,train
4774,H0949,heldout
4775,T3826,train
4776,T3827,train
4777,T3828,train
4778,T3829,train
4779,T3830,train
4780,H0950,heldout
4781,T3831,train
4782,T3832,train
4783,T3833,train
4784,H0951,heldout
4785,T3834,train
4786,T3835,train
4787,T3836,train
4788,T3837,train
4789,H0952,heldout
4790,H0953,heldout
4791,H0954,heldout
4792,H0955,heldout
4793,T3838,train
4794,T3839,train
4795,T3840,train
4796,T3841,train
4797,T3842,train
4798,T3843,train
4799,T3844,train
4800,T3845,train
4801,T3846,train
4802,H0956,heldout
4803,T3847,train
4804,T3848,train
4805,T3849,train
4806,T3850,train
4807,T3851,train
4808,T3852,train
4809,T3853,train
4810,T3854,train
4811,T3855,train
4812,H0957,heldout
4813,T3856,train
4814,H0958,heldout
4815,T3857,train
4816,T3858,train
4817,T3859,train
4818,T3860,train
4819,T3861,train
4820,T3862,train
4821,T3863,train
4822,T3864,train
4823,T3865,train
4824,T3866,train
4825,T3867,train
4826,H0959,heldout
4827,H0960,heldout
4828,T3868,train
4829,T3869,train
4830,H0961,heldout
4831,T3870,train
4832,T3871,train
4833,H0962,heldout
4834,T3872,train
4835,T3873,train
4836,T3874,train
4837,T3875,train
4838,T3876,train
4839,H0963,heldout
4840,H0964,heldout
4841,T3877,train
4842,T3878,train
4843,H0965,heldout
4844,T3879,train
4845,H0966,heldout
4846,T3880,train
4847,H0967,heldout
4848,T3881,train
4849,T3882,train
4850,T3883,train
4851,T3884,train
4852,T3885,train
4853,T3886,train
4854,T3887,train
4855,T3888,train
4856,T3889,train
4857,H0968,heldout
4858,T3890,train
4859,T3891,train
4860,T3892,train
4861,T3893,train
4862,T3894,train
4863,T3895,train
4864,T3896,train
4865,T3897,train
4866,H0969,heldout
4867,T3898,train
4868,H0970,heldout
4869,T3899,train
4870,T3900,train
4871,T3901,train
4872,H0971,heldout
4873,T3902,train
4874,T3903,train
4875,T3904,train
4876,T3905,train
4877,H0972,heldout
4878,H0973,heldout
4879,T3906,train
4880,T3907,train
4881,T3908,train
4882,T3909,train
4883,T3910,train
4884,H0974,heldout
4885,H0975,heldout
4886,T3911,train
4887,T3912,train
4888,H0976,heldout
4889,T3913,train
4890,T3914,train
4891,H0977,heldout
4892,T3915,train
4893,T3916,train
4894,T3917,train
4895,H0978,heldout
4896,T3918,train
4897,T3919,train
4898,T3920,train
4899,H0979,heldout
4900,T3921,train
4901,T3922,train
4902,T3923,train
4903,H0980,heldout
4904,H0981,heldout
4905,T3924,train
4906,T3925,train
4907,T3926,train
4908,T3927,train
4909,T3928,train
4910,T3929,train
4911,T3930,train
4912,T3931,train
4913,T3932,train
4914,T3933,train
4915,T3934,train
4916,T3935,train
4917,T3936,train
4918,H0982,heldout
4919,H0983,heldout
4920,T3937,train
4921,T3938,train
4922,T3939,train
4923,T3940,train
4924,T3941,train
4925,T3942,train
4926,T3943,train
4927,T3944,train
4928,T3945,train
4929,H0984,heldout
4930,T3946,train
4931,T3947,train
4932,T3948,train
4933,T3949,train
4934,H0985,heldout
4935,T3950,train
4936,T3951,train
4937,T3952,train
4938,H0986,heldout
4939,T3953,train
4940,T3954,train
4941,T3955,train
4942,T3956,train
4943,T3957,train
4944,T3958,train
4945,T3959,train
4946,T3960,train
4947,T3961,train
4948,T3962,train
4949,H0987,heldout
4950,T3963,train
4951,T3964,train
4952,T3965,train
4953,T3966,train
4954,T3967,train
4955,T3968,train
4956,T3969,train
4957,T3970,train
4958,T3971,train
4959,T3972,train
4960,T3973,train
4961,T3974,train
4962,T3975,train
4963,T3976,train
4964,T3977,train
4965,T3978,train
4966,T3979,train
4967,T3980,train
4968,H0988,heldout
4969,T3981,train
4970,T3982,train
4971,T3983,train
4972,T3984,train
4973,H0989,heldout
4974,T3985,train
4975,T3986,train
4976,T3987,train
4977,T3988,train
4978,T3989,train
4979,H0990,heldout
4980,T3990,train
4981,T3991,train
4982,T3992,train
4983,T3993,train
4984,T3994,train
4985,T3995,train
4986,H0991,heldout
4987,T3996,train
4988,T3997,train
4989,T3998,train
4990,T3999,train
4991,T4000,train
4992,H0992,heldout
4993,H0993,heldout
4994,T4001,train
4995,T4002,train
4996,H0994,heldout
4997,T4003,train
4998,T4004,train
4999,T4005,train
5000,T4006,train
5001,H0995,heldout
5002,T4007,train
5003,T4008,train
5004,T4009,train
5005,T4010,train
5006,T4011,train
5007,T4012,train
5008,T4013,train
5009,H0996,heldout
5010,H0997,heldout
5011,H0998,heldout
5012,H0999,heldout
5013,T4014,train
5014,T4015,train
5015,H1000,heldout
5016,T4016,train
5017,T4017,train
5018,T4018,train
5019,T4019,train
5020,T4020,train
5021,T4021,train
5022,H1001,heldout
5023,T4022,train
5024,T4023,train
5025,H1002,heldout
5026,T4024,train
5027,T4025,train
5028,H1003,heldout
5029,T4026,train
5030,T4027,train
5031,T4028,train
5032,T4029,train
5033,T4030,train
5034,H1004,heldout
5035,H1005,heldout
5036,T4031,train
5037,T4032,train
5038,T4033,train
5039,H1006,heldout
5040,T4034,train
5041,H1007,heldout
5042,T4035,train
5043,T4036,train
5044,T4037,train
5045,H1008,heldout
5046,T4038,train
5047,T4039,train
5048,T4040,train
5049,H1009,heldout
5050,T4041,train
5051,T4042,train
5052,T4043,train
5053,T4044,train
5054,T4045,train
5055,T4046,train
5056,H1010,heldout
5057,T4047,train
5058,H1011,heldout
5059,T4048,train
5060,T4049,train
5061,T4050,train
5062,T4051,train
5063,T4052,train
5064,H1012,heldout
5065,T4053,train
5066,T4054,train
5067,T4055,train
5068,T4056,train
5069,T4057,train
5070,H1013,heldout
5071,T4058,train
5072,T4059,train
5073,H1014,heldout
5074,H1015,heldout
5075,T4060,train
5076,T4061,train
5077,H1016,heldout
5078,T4062,train
5079,T4063,train
5080,T4064,train
5081,H1017,heldout
5082,H1018,heldout
5083,T4065,train
5084,T4066,train
5085,T4067,train
5086,T4068,train
5087,T4069,train
5088,T4070,train
5089,H1019,heldout
5090,T4071,train
5091,T4072,train
5092,T4073,train
5093,H1020,heldout
5094,T4074,train
5095,T4075,train
5096,H1021,heldout
5097,T4076,train
5098,H1022,heldout
5099,H1023,heldout
5100,T4077,train
5101,H1024,heldout
5102,H1025,heldout
5103,T4078,train
5104,T4079,train
5105,T4080,train
5106,T4081,train
5107,T4082,train
5108,T4083,train
5109,T4084,train
5110,T4085,train
5111,T4086,train
5112,T4087,train
5113,T4088,train
5114,T4089,train
5115,T4090,train
5116,T4091,train
5117,T4092,train
5118,T4093,train
5119,T4094,train
5120,T4095,train
5121,T4096,train
5122,H1026,heldout
5123,T4097,train
5124,H1027,heldout
5125,T4098,train
5126,T4099,train
5127,T4100,train
5128,T4101,train
5129,T4102,train
5130,H1028,heldout
5131,H1029,heldout
5132,T4103,train
5133,T4104,train
5134,T4105,train
5135,T4106,train
5136,T4107,train
5137,T4108,train
5138,T4109,train
5139,T4110,train
5140,H1030,heldout
5141,H1031,heldout
5142,T4111,train
5143,T4112,train
5144,T4113,train
5145,T4114,train
5146,T4115,train
5147,T4116,train
5148,H1032,heldout
5149,T4117,train
5150,T4118,train
5151,T4119,train
5152,T4120,train
5153,T4121,train
5154,T4122,train
5155,T4123,train
5156,T4124,train
5157,T4125,train
5158,T4126,train
5159,T4127,train
5160,T4128,train
5161,T4129,train
5162,T4130,train
5163,T4131,train
5164,T4132,train
5165,T4133,train
5166,T4134,train
5167,H1033,heldout
5168,H1034,heldout
5169,T4135,train
5170,T4136,train
5171,T4137,train
5172,T4138,train
5173,T4139,train
5174,H1035,heldout
5175,T4140,train
5176,T4141,train
5177,T4142,train
5178,T4143,train
5179,T4144,train
5180,T4145,train
5181,H1036,heldout
5182,T4146,train
5183,T4147,train
5184,T4148,train
5185,T4149,train
5186,T4150,train
5187,T4151,train
5188,T4152,train
5189,T4153,train
5190,T4154,train
5191,T4155,train
5192,T4156,train
5193,T4157,train
5194,T4158,train
5195,H1037,heldout
5196,T4159,train
5197,T4160,train
5198,T4161,train
5199,T4162,train
5200,T4163,train
5201,T4164,train
5202,T4165,train
5203,T4166,train
5204,H1038,heldout
5205,T4167,train
5206,T4168,train
5207,T4169,train
5208,T4170,train
5209,H1039,heldout
5210,T4171,train
5211,T4172,train
5212,T4173,train
5213,T4174,train
5214,T4175,train
5215,T4176,train
5216,T4177,train
5217,T4178,train
5218,T4179,train
5219,T4180,train
5220,T4181,train
5221,T4182,train
5222,T4183,train
5223,T4184,train
5224,H1040,heldout
5225,H1041,heldout
5226,T4185,train
5227,T4186,train
5228,H1042,heldout
5229,T4187,train
5230,T4188,train
5231,T4189,train
5232,T4190,train
5233,T4191,train
5234,T4192,train
5235,T4193,train
5236,H1043,heldout
5237,T4194,train
5238,T4195,train
5239,T4196,train
5240,H1044,heldout
5241,H1045,heldout
5242,T4197,train
5243,H1046,heldout
5244,T4198,train
5245,H1047,heldout
5246,T4199,train
5247,T4200,train
5248,H1048,heldout
5249,T4201,train
5250,T4202,train
5251,H1049,heldout
5252,H1050,heldout
5253,T4203,train
5254,T4204,train
5255,T4205,train
5256,H1051,heldout
5257,T4206,train
5258,T4207,train
5259,T4208,train
5260,T4209,train
5261,T4210,train
5262,H1052,heldout
5263,T4211,train
5264,H1053,heldout
5265,T4212,train
5266,T4213,train
5267,H1054,heldout
5268,T4214,train
5269,H1055,heldout
5270,H1056,heldout
5271,T4215,train
5272,T4216,train
5273,T4217,train
5274,T4218,train
5275,T4219,train
5276,T4220,train
5277,T4221,train
5278,H1057,heldout
5279,T4222,train
5280,H1058,heldout
5281,T4223,train
5282,T4224,train
5283,T4225,train
5284,H1059,heldout
5285,H1060,heldout
5286,T4226,train
5287,H1061,heldout
5288,T4227,train
5289,T4228,train
5290,T4229,train
5291,T4230,train
5292,H1062,heldout
5293,T4231,train
5294,T4232,train
5295,T4233,train
5296,T4234,train
5297,H1063,heldout
5298,T4235,train
5299,T4236,train
5300,T4237,train
5301,T4238,train
5302,T4239,train
5303,T4240,train
5304,T4241,train
5305,T4242,train
5306,T4243,train
5307,H1064,heldout
5308,T4244,train
5309,T4245,train
5310,T4246,train
5311,T4247,train
5312,T4248,train
5313,H1065,heldout
5314,H1066,heldout
5315,T4249,train
5316,T4250,train
5317,T4251,train
5318,T4252,train
5319,T4253,train
5320,T4254,train
5321,T4255,train
5322,H1067,heldout
5323,H1068,heldout
5324,T4256,train
5325,T4257,train
5326,T4258,train
5327,H1069,heldout
5328,T4259,train
5329,T4260,train
5330,T4261,train
5331,T4262,train
5332,T4263,train
5333,H1070,heldout
5334,T4264,train
5335,T4265,train
5336,H1071,heldout
5337,H1072,heldout
5338,T4266,train
5339,T4267,train
5340,T4268,train
5341,T4269,train
5342,H1073,heldout
5343,H1074,heldout
5344,H1075,heldout
5345,T4270,train
5346,T4271,train
5347,T4272,train
5348,T4273,train
5349,T4274,train
5350,T4275,train
5351,T4276,train
5352,T4277,train
5353,T4278,train
5354,T4279,train
5355,T4280,train
5356,H1076,heldout
5357,T4281,train
5358,T4282,train
5359,T4283,train
5360,T4284,train
5361,T4285,train
5362,H1077,heldout
5363,T4286,train
5364,T4287,train
5365,T4288,train
5366,T4289,train
5367,T4290,train
5368,T4291,train
5369,T4292,train
5370,T4293,train
5371,T4294,train
5372,T4295,train
5373,T4296,train
5374,T4297,train
5375,H1078,heldout
5376,T4298,train
5377,T4299,train
5378,H1079,heldout
5379,T4300,train
5380,T4301,train
5381,T4302,train
5382,T4303,train
5383,T4304,train
5384,T4305,train
5385,T4306,train
5386,H1080,heldout
5387,T4307,train
5388,H1081,heldout
5389,T4308,train
5390,T4309,train
5391,T4310,train
5392,T4311,train
5393,T4312,train
5394,T4313,train
5395,T4314,train
5396,T4315,train
5397,T4316,train
5398,T4317,train
5399,T4318,train
5400,T4319,train
5401,T4320,train
5402,T4321,train
5403,T4322,train
5404,T4323,train
5405,T4324,train
5406,T4325,train
5407,H1082,heldout
5408,H1083,heldout
5409,T4326,train
5410,T4327,train
5411,T4328,train
5412,T4329,train
5413,T4330,train
5414,H1084,heldout
5415,T4331,train
5416,T4332,train
5417,T4333,train
5418,H1085,heldout
5419,T4334,train
5420,H1086,heldout
5421,H1087,heldout
5422,T4335,train
5423,T4336,train
5424,T4337,train
5425,H1088,heldout
5426,T4338,train
5427,T4339,train
5428,H1089,heldout
5429,T4340,train
5430,H1090,heldout
5431,T4341,train
5432,T4342,train
5433,T4343,train
5434,T4344,train
5435,T4345,train
5436,T4346,train
5437,T4347,train
5438,T4348,train
5439,T4349,train
5440,T4350,train
5441,T4351,train
5442,T4352,train
5443,T4353,train
5444,H1091,heldout
5445,H1092,heldout
5446,T4354,train
5447,H1093,heldout
5448,T4355,train
5449,H1094,heldout
5450,T4356,train
5451,T4357,train
5452,T4358,train
5453,T4359,train
5454,T4360,train
5455,H1095,heldout
5456,T4361,train
5457,T4362,train
5458,T4363,train
5459,T4364,train
5460,T4365,train
5461,T4366,train
5462,T4367,train
5463,T4368,train
5464,T4369,train
5465,T4370,train
5466,T4371,train
5467,T4372,train
5468,T4373,train
5469,H1096,heldout
5470,T4374,train
5471,T4375,train
5472,T4376,train
5473,H1097,heldout
5474,T4377,train
5475,T4378,train
5476,T4379,train
5477,H1098,heldout
5478,H1099,heldout
5479,T4380,train
5480,T4381,train
5481,T4382,train
5482,T4383,train
5483,T4384,train
5484,T4385,train
5485,T4386,train
5486,T4387,train
5487,T4388,train
5488,H1100,heldout
5489,T4389,train
5490,T4390,train
5491,T4391,train
5492,T4392,train
5493,T4393,train
5494,T4394,train
5495,T4395,train
5496,T4396,train
5497,T4397,train
5498,T4398,train
5499,T4399,train
5500,T4400,train
5501,T4401,train
5502,T4402,train
5503,H1101,heldout
5504,T4403,train
5505,H1102,heldout
5506,H1103,heldout
5507,T4404,train
5508,H1104,heldout
5509,T4405,train
5510,T4406,train
5511,T4407,train
5512,T4408,train
5513,T4409,train
5514,T4410,train
5515,H1105,heldout
5516,T4411,train
5517,H1106,heldout
5518,T4412,train
5519,T4413,train
5520,T4414,train
5521,T4415,train
5522,T4416,train
5523,T4417,train
5524,T4418,train
5525,T4419,train
5526,T4420,train
5527,T4421,train
5528,H1107,heldout
5529,H1108,heldout
5530,T4422,train
5531,H1109,heldout
5532,T4423,train
5533,T4424,train
5534,T4425,train
5535,T4426,train
5536,T4427,train
5537,T4428,train
5538,T4429,train
5539,T4430,train
5540,T4431,train
5541,H1110,heldout
5542,T4432,train
5543,T4433,train
5544,T4434,train
5545,T4435,train
5546,T4436,train
5547,H1111,heldout
5548,T4437,train
5549,T4438,train
5550,T4439,train
5551,H1112,heldout
5552,T4440,train
5553,T4441,train
5554,T4442,train
5555,T4443,train
5556,T4444,train
5557,T4445,train
5558,H1113,heldout
5559,T4446,train
5560,T4447,train
5561,T4448,train
5562,T4449,train
5563,T4450,train
5564,T4451,train
5565,T4452,train
5566,T4453,train
5567,H1114,heldout
5568,T4454,train
5569,T4455,train
5570,T4456,train
5571,T4457,train
5572,T4458,train
5573,T4459,train
5574,T4460,train
